GeoFips,GeoName,LineCode,Description,1997,1998,1999,2000,2001,2002,2003,2004,2005,2006,2007,2008,2009,2010,2011,2012,2013,2014,2015,2016,2017,2018,2019,2020,2021,2022
01000,Alabama,1,Personal consumption expenditures,76915.6,80320.5,84866.0,89748.7,93232.7,97220.1,102106.6,108428.7,115631.1,121487.4,126916.4,130009.5,128265.5,132314.4,136772.4,139950.6,143956.7,148385.6,152790.5,157806.1,163523.4,169460.2,176843.5,175481.9,197820.2,215104.6
01000,Alabama,3,"    Durable goods",9990.1,10678.2,11586.0,11949.6,12226.2,13059.6,13427.5,14203.4,14885.3,15346.7,15862.2,14359.9,13287.7,13875.3,14444.1,15071.9,15563.2,16111.1,16899.9,17507.2,18177.0,18969.5,19527.7,21370.2,26190.3,27908.5
02000,Alaska,1,Personal consumption expenditures,14229.0,14946.5,15883.5,17107.7,18123.5,19432.2,20557.2,21847.5,23354.8,24275.1,25617.0,26749.3,27166.7,28537.5,29947.6,31039.1,31673.2,32641.4,33274.4,33976.4,34926.8,36077.1,36844.1,35006.0,39632.5,43412.8
02000,Alaska,3,"    Durable goods",1963.6,2090.2,2261.6,2332.3,2443.3,2712.2,2863.6,3054.1,3131.4,3149.4,3225.3,3079.6,2938.3,2947.3,3018.2,3154.0,3242.4,3383.9,3536.3,3622.1,3787.0,3879.5,3951.1,4342.7,5215.8,5495.0
04000,Arizona,1,Personal consumption expenditures,96461.8,103774.8,111890.9,121418.9,127277.9,133667.9,142860.7,155367.0,170011.9,184063.5,194363.4,197557.7,190868.2,196474.0,203580.7,209936.3,216830.0,226151.5,234755.7,243679.6,259029.1,273816.1,286488.5,291542.5,334350.1,368866.6
04000,Arizona,3,"    Durable goods",13037.2,14528.5,15900.1,17594.4,18445.0,19522.1,20804.6,22709.6,24749.1,26566.6,26775.3,23077.3,20136.4,20608.0,21578.6,22536.5,23667.1,25168.2,26847.0,27994.6,29696.4,31737.1,33339.3,37820.7,47303.3,50161.0
05000,Arkansas,1,Personal consumption expenditures,41810.0,44283.3,47305.5,50566.1,52796.3,54843.4,57788.1,61297.4,65560.6,69198.3,72561.3,75160.6,74484.9,77458.3,80992.6,83237.7,85154.6,88584.1,91366.0,94866.1,98052.5,102359.8,104313.8,105433.5,118796.2,128662.4
05000,Arkansas,3,"    Durable goods",5774.6,6154.6,6662.0,6920.9,7085.9,7523.9,7848.4,8316.5,8578.8,8837.9,9226.5,8742.4,8264.0,8604.6,8851.6,9240.2,9621.9,10029.1,10383.0,10766.0,11041.3,11369.4,11470.1,12613.7,15249.0,15872.7
06000,California,1,Personal consumption expenditures,681820.9,722322.0,776324.7,844374.3,886833.1,924960.4,975445.5,1041764.2,1114921.0,1186034.5,1256410.5,1295036.3,1253678.5,1297976.1,1354341.6,1409173.4,1453927.1,1522216.3,1595724.1,1665899.0,1752123.2,1856117.3,1938018.7,1885028.5,2146539.4,2352361.6
06000,California,3,"    Durable goods",81121.1,90335.7,101814.7,113290.1,118545.1,124816.1,128728.6,137577.8,145438.6,149470.4,150545.7,135532.2,119648.2,123966.8,129348.0,136883.0,140506.4,146561.7,155688.4,158634.0,165674.6,175741.6,179154.0,188046.8,235375.2,251771.7
08000,Colorado,1,Personal consumption expenditures,89772.8,96805.1,106130.8,117037.5,123305.4,126789.8,132387.1,140464.2,148825.1,158054.6,167441.9,173274.1,170721.1,175992.9,184841.9,189763.8,198951.0,210765.5,222464.3,233801.6,247983.2,261807.9,275707.0,273942.3,314541.5,346723.2
08000,Colorado,3,"    Durable goods",13146.6,14500.4,16393.8,18327.4,18983.4,19090.5,19215.9,20301.4,21218.4,21832.7,22955.3,21267.8,19407.6,19686.0,19984.7,20688.8,22110.4,23744.7,25420.9,26807.2,29083.0,30984.4,32305.5,35340.2,42614.8,45720.7
09000,Connecticut,1,Personal consumption expenditures,82959.4,88363.7,94452.9,100901.9,105264.0,109481.5,115064.8,122069.8,129412.4,136179.5,141740.4,145953.3,142958.8,146714.3,150910.1,154874.3,158507.2,164435.2,168667.3,171683.8,177076.1,183771.4,186538.0,184319.0,204252.3,219068.1
09000,Connecticut,3,"    Durable goods",10055.1,10931.4,11784.2,12424.1,12887.4,13626.3,14207.3,15125.4,15797.1,16044.9,16632.0,15718.2,14382.1,14708.6,15154.6,15480.5,16075.1,16476.9,16737.9,16952.0,17292.1,17994.6,18079.1,18752.0,22390.8,23467.1
10000,Delaware,1,Personal consumption expenditures,17419.0,18613.7,19932.1,21313.0,22492.1,23667.0,25210.7,26974.2,28896.5,30342.5,32247.5,32991.9,32599.5,33743.9,35263.8,36028.7,36966.7,38631.3,39570.6,40564.0,42189.8,44457.3,45855.9,44676.8,50943.7,55535.4
10000,Delaware,3,"    Durable goods",2593.5,2811.2,3118.3,3278.4,3398.4,3649.1,3873.8,4125.9,4262.4,4268.6,4363.5,3988.9,3711.0,3852.6,4023.7,4158.5,4254.4,4439.9,4667.5,4728.0,4803.9,4994.2,5133.8,5237.0,6383.8,6737.5
11000,District of Columbia,1,Personal consumption expenditures,19385.9,19936.5,21239.0,22598.2,23350.2,24355.2,25661.4,27467.8,29000.6,30639.4,32114.9,33389.8,32788.1,34550.3,35991.9,37299.0,38960.6,40640.2,42193.0,43503.2,45283.3,47906.0,49573.5,46913.2,52905.0,57595.3
11000,District of Columbia,3,"    Durable goods",1856.2,1970.0,2134.1,2258.2,2367.6,2564.8,2705.5,2829.0,2878.1,2924.6,3004.8,2742.3,2557.1,2654.7,2795.0,2850.6,2987.5,3099.3,3252.4,3458.6,3732.8,4051.1,4276.5,4649.0,5546.8,5861.2
12000,Florida,1,Personal consumption expenditures,335480.4,358107.1,380707.7,412229.5,432668.8,447872.2,473974.7,513459.4,557056.5,601060.1,630049.5,639599.5,620446.5,643275.8,673659.9,699466.2,723026.7,763955.0,804074.9,835530.6,878744.1,929973.5,966780.8,964080.3,1114052.2,1234950.8
12000,Florida,3,"    Durable goods",45787.2,49984.0,53533.0,56944.0,59733.2,62429.2,65579.3,72337.6,80049.7,84077.1,83864.2,74927.7,67602.5,70328.8,74632.1,78947.7,84169.6,90187.7,96411.9,100012.1,104859.0,111317.3,112930.3,122417.4,155451.6,167086.8
13000,Georgia,1,Personal consumption expenditures,151808.2,161380.3,174395.0,188709.6,197694.0,205273.8,216655.7,230229.2,247103.8,261997.1,277091.5,282133.9,275032.5,283317.5,296156.1,305937.0,317022.1,333433.2,346858.4,361258.0,380330.8,399888.2,415860.9,412232.0,471227.9,517334.8
13000,Georgia,3,"    Durable goods",20838.5,22787.5,25244.6,26278.3,27379.7,28456.2,29580.7,30962.7,32528.6,33696.2,34604.4,30788.5,27902.4,29336.8,30294.9,31892.0,33428.5,35320.2,37967.0,39820.0,42345.3,44645.4,46068.7,50133.9,62565.8,67594.7
15000,Hawaii,1,Personal consumption expenditures,26673.8,27488.8,28515.2,30345.4,31527.9,32673.8,34793.6,37263.4,40427.1,43283.7,45387.4,47392.4,46971.6,48013.4,49781.6,51522.3,53755.6,55526.2,57197.6,58616.6,61319.4,63974.4,66783.5,63900.8,71696.3,78713.6
15000,Hawaii,3,"    Durable goods",2230.9,2306.0,2533.1,2750.3,2958.0,3273.0,3691.1,4014.3,4256.2,4337.7,4379.9,4013.7,3646.8,3718.4,3874.4,4065.0,4234.2,4453.6,4686.1,4836.1,5042.7,5268.2,5308.8,5517.8,6721.3,7162.1
16000,Idaho,1,Personal consumption expenditures,21400.6,22579.8,24178.3,26126.5,27315.3,28411.8,30199.6,32418.9,35258.5,38332.4,41044.6,41871.2,40641.4,41809.5,43554.9,44975.4,47257.8,49478.7,50824.9,53613.5,56744.1,60086.6,62636.7,64146.6,75485.0,84364.2
16000,Idaho,3,"    Durable goods",3095.0,3312.2,3563.5,3739.5,3814.6,3976.8,4238.4,4706.2,5241.8,5565.4,5823.2,5266.9,4700.0,4739.4,4864.0,5108.0,5559.1,5981.8,6631.3,7141.1,7723.2,8136.4,8299.7,9522.1,12244.6,13207.8
17000,Illinois,1,Personal consumption expenditures,259297.8,274303.2,289479.4,311531.8,322195.6,331449.3,345707.9,363646.5,384010.6,403497.1,423685.4,433710.5,424293.3,438819.8,454980.3,465517.9,476304.5,492993.4,507894.4,522413.6,539587.6,562269.9,573954.2,561359.8,627074.0,683721.0
17000,Illinois,3,"    Durable goods",33011.1,35268.6,38507.7,41089.0,41944.4,43217.4,43725.9,45672.9,47263.8,47931.4,49770.6,46399.4,42917.3,44139.2,46047.7,47244.6,48770.6,49991.4,52159.0,53193.4,55058.4,56687.2,58294.7,62663.5,76883.7,81372.3
18000,Indiana,1,Personal consumption expenditures,111436.5,117579.9,125011.8,133146.5,138169.8,142852.9,149620.7,159441.0,168731.5,175744.1,182424.5,187273.9,184465.1,190660.5,198049.2,205349.2,210037.4,217279.8,222792.9,230556.9,241847.3,252840.8,259039.6,259287.0,290016.5,318273.8
18000,Indiana,3,"    Durable goods",16154.5,17350.1,18911.6,19640.7,19904.6,20728.4,21270.8,22312.3,22739.2,22516.2,22614.1,20965.9,19648.7,20414.5,21032.2,21845.9,22455.2,23516.9,24949.2,25788.7,27320.4,28440.7,28725.4,30787.0,37457.5,39757.8
19000,Iowa,1,Personal consumption expenditures,53751.5,56464.4,59748.9,63279.6,65420.8,66996.9,70550.3,74931.1,78928.6,83083.9,86433.4,89779.9,89779.6,92935.6,97421.3,100180.8,102664.9,106618.9,108540.1,112218.4,116352.5,119934.4,122945.0,120916.6,135091.2,145480.9
19000,Iowa,3,"    Durable goods",7419.9,8048.9,8638.2,8763.0,8970.5,9218.2,9494.5,9988.1,10126.5,10276.1,10508.8,10081.0,10046.3,10523.7,10899.7,11406.8,11897.1,12391.6,13003.1,13569.7,14189.7,14627.7,14628.2,15739.2,18851.4,19410.6
20000,Kansas,1,Personal consumption expenditures,50495.6,53617.7,57333.0,61303.2,63683.6,65329.7,68531.2,72552.8,76553.7,81251.6,85824.2,88677.2,86817.3,89031.3,92636.2,94824.3,96405.5,99265.8,101823.5,104334.8,107464.7,111300.0,114331.6,113231.5,124678.4,135311.8
20000,Kansas,3,"    Durable goods",6930.4,7477.7,7952.2,8190.0,8321.0,8472.0,8651.2,9045.0,9228.3,9606.1,10143.2,9627.8,9073.1,9307.0,9453.3,10016.9,10054.3,10482.2,11085.1,11269.2,11441.4,11777.2,11880.4,12475.2,14943.5,15699.8
21000,Kentucky,1,Personal consumption expenditures,69264.5,73276.6,78078.0,83592.1,86556.6,89874.1,94238.0,99863.6,105818.8,111311.3,115134.1,119061.4,119046.4,123481.5,128068.7,131199.1,134476.7,138524.8,143701.2,148443.0,154214.4,161272.0,165100.4,164458.8,184891.2,199412.3
21000,Kentucky,3,"    Durable goods",9276.5,9915.8,10780.0,11311.6,11220.9,11813.4,12074.7,12650.2,12757.2,12922.7,13225.2,12099.9,11595.0,12151.4,12625.9,13400.5,13638.0,14019.8,15108.8,15730.5,16161.5,16804.4,17032.7,18057.1,22111.2,23002.5
22000,Louisiana,1,Personal consumption expenditures,74709.5,78749.6,82772.1,87152.6,90725.7,94157.2,99582.7,105278.5,110109.7,116283.0,123420.1,128797.3,129088.9,134426.9,139821.9,144035.6,148333.2,153367.7,157431.6,161306.7,166452.2,172147.2,176460.2,173941.4,194871.2,207376.7
22000,Louisiana,3,"    Durable goods",9801.6,10630.3,11300.0,11666.6,12117.1,12955.6,13595.6,14258.9,14888.6,16301.4,16718.7,15388.2,14398.9,14758.1,15532.3,16375.2,16975.2,17378.0,18380.2,18378.4,18644.3,19133.8,19218.5,20173.7,24456.1,25403.0
23000,Maine,1,Personal consumption expenditures,25246.5,26837.0,28794.2,30892.4,32644.0,34534.7,36525.6,38696.2,40878.1,42680.5,44182.6,45495.1,45604.6,47264.9,49062.9,49282.6,50464.5,51398.4,52951.5,55482.4,58157.7,61115.1,62865.5,62954.8,71244.8,77286.9
23000,Maine,3,"    Durable goods",2960.6,3249.9,3667.6,3845.0,4102.6,4411.1,4589.7,4754.7,4842.9,4859.1,5006.7,4720.5,4547.7,4623.5,4672.5,4696.4,4894.1,5155.1,5398.3,5640.2,5857.4,6075.9,6235.8,6735.0,8133.7,8492.9
24000,Maryland,1,Personal consumption expenditures,113858.8,120849.4,128874.0,139847.5,147599.6,154087.8,162642.2,173466.9,185632.3,196854.2,205523.8,211521.7,209436.1,216638.7,225125.8,231048.6,236202.1,243705.6,249981.7,256106.6,263750.7,273861.0,279180.1,269585.2,299768.1,324574.5
24000,Maryland,3,"    Durable goods",14663.7,15961.1,17510.0,19039.7,19930.9,21229.6,22178.2,23848.7,24596.2,24926.9,25224.7,22726.8,21017.4,21777.7,22484.6,23744.3,23693.8,24043.5,25114.6,25451.2,25851.2,26498.8,27169.2,28504.2,34435.4,36140.3
25000,Massachusetts,1,Personal consumption expenditures,152866.8,162978.8,174085.6,188309.9,198306.4,205354.4,217052.4,229676.5,242025.6,253765.3,261860.4,270085.7,267519.7,276970.5,287218.4,295070.2,303703.1,315986.3,327645.5,338935.6,354806.5,369729.9,381767.7,368684.9,414257.6,448337.4
25000,Massachusetts,3,"    Durable goods",18089.2,19360.3,21440.4,23381.5,24206.9,25252.7,26520.7,28376.6,29665.2,29114.4,28831.9,27365.9,25647.1,26776.5,27465.7,28281.4,29108.9,30129.9,31237.8,32086.6,33223.4,34323.0,35001.9,36438.6,43837.1,46218.9
26000,Michigan,1,Personal consumption expenditures,193070.1,202855.9,216134.0,229632.2,237866.0,245733.8,254913.0,266257.0,276793.6,285254.8,293376.0,301658.4,296177.6,307993.0,320415.1,331325.9,341572.6,355375.1,367082.2,381461.5,396468.1,412800.9,423687.0,414399.6,461918.5,496511.4
26000,Michigan,3,"    Durable goods",25531.4,27145.9,30020.9,30972.7,31430.3,32516.8,31636.9,32300.2,31855.1,31206.4,30688.5,29262.9,27605.0,28602.7,30130.9,31498.3,32769.6,34925.4,37141.3,38859.0,40618.6,42585.0,43258.1,45755.9,55088.6,58286.9
27000,Minnesota,1,Personal consumption expenditures,107684.7,113619.5,122542.9,133055.8,139164.2,144907.2,152249.8,161273.5,167954.3,175471.9,181235.3,187892.3,184896.8,191367.0,199861.6,205669.3,211942.7,219517.6,225990.2,233506.2,243968.6,255563.4,260981.7,249336.4,278984.2,302147.7
27000,Minnesota,3,"    Durable goods",14769.7,16047.3,17864.5,19137.8,19933.0,20962.7,21381.0,22630.2,22322.8,22054.8,22592.2,21572.8,20738.4,21491.2,22509.0,23139.6,24065.1,24972.2,26392.7,27595.0,29423.9,31049.0,31880.2,33581.5,39075.1,41370.7
28000,Mississippi,1,Personal consumption expenditures,41960.7,44223.9,47202.9,50271.5,52641.0,55060.4,57833.1,61397.2,65017.7,69149.4,72680.2,75197.1,74237.4,77186.8,80082.1,81853.3,83679.2,85932.3,88020.8,90111.3,92341.8,94495.0,96100.5,96882.6,108194.0,116654.2
28000,Mississippi,3,"    Durable goods",5346.7,5811.3,6420.5,6597.6,6771.3,7107.8,7309.7,7589.5,7953.1,8332.6,8426.5,7589.3,6977.6,7309.4,7598.7,7980.4,8417.6,8766.6,9269.1,9653.9,9903.0,10211.4,10250.4,11147.4,13571.9,14034.6
29000,Missouri,1,Personal consumption expenditures,110111.8,116264.1,123565.6,132088.2,137969.6,143667.6,150360.3,157440.0,165567.5,171889.2,179924.6,187125.2,184728.4,191635.6,199085.0,205513.3,209534.9,215540.2,221482.5,227468.9,235234.9,244790.5,250292.5,247702.2,276572.3,300328.4
29000,Missouri,3,"    Durable goods",15490.6,16647.2,17889.9,18562.0,19416.3,20512.3,21068.9,21498.8,21749.0,21471.7,21626.7,20288.8,19154.0,19549.4,20227.9,21020.1,21289.7,22039.8,23275.0,23879.3,24741.7,25564.0,25724.1,27465.9,33534.4,34908.4
30000,Montana,1,Personal consumption expenditures,16128.1,17017.7,18108.6,19352.0,20345.0,21486.0,22804.2,24453.1,26254.8,28153.0,30156.1,31729.6,30980.6,32820.8,34413.4,35462.0,36679.6,38466.9,39329.3,40114.9,41986.4,44342.6,45766.4,45730.0,53115.7,58290.9
30000,Montana,3,"    Durable goods",2094.9,2253.2,2463.9,2675.5,2892.7,3182.7,3438.9,3711.4,3867.7,4077.3,4420.8,4249.6,3894.2,4012.9,4095.7,4273.0,4541.1,4778.7,5049.7,5145.9,5292.2,5524.6,5596.6,6259.7,7814.2,8222.5
31000,Nebraska,1,Personal consumption expenditures,32122.1,33885.1,36147.8,38737.2,40332.1,41528.8,43884.8,46911.4,49719.4,52401.4,54871.6,57074.3,56205.1,59014.4,62248.7,64342.3,65789.7,68366.5,70248.1,72752.0,75186.4,77805.0,79902.0,79234.1,89281.3,97455.4
31000,Nebraska,3,"    Durable goods",4783.6,5076.7,5433.9,5558.7,5730.5,5967.2,6220.1,6628.9,6766.7,6887.4,7261.5,6909.9,6697.4,7130.8,7383.3,7751.3,8046.8,8342.8,8680.0,8948.0,9147.2,9438.5,9591.6,10380.6,12609.6,13084.1
32000,Nevada,1,Personal consumption expenditures,39051.3,41874.4,46395.2,50853.1,54020.4,57342.3,61582.4,68079.6,74876.1,81040.6,86098.3,87852.2,83578.8,85449.7,88854.0,91509.3,94912.7,99383.8,103663.4,108477.9,115294.6,122302.4,128046.7,126436.5,145289.4,161819.1
32000,Nevada,3,"    Durable goods",4896.0,5476.8,6252.3,6808.0,7290.6,7870.6,8445.2,9656.2,10708.2,11065.7,10967.3,9770.9,8384.5,8464.8,8878.2,9439.3,10147.4,10832.8,11437.9,11998.9,12669.9,13662.9,14059.2,15187.8,19376.2,21082.7
33000,New Hampshire,1,Personal consumption expenditures,27590.4,29629.6,31953.0,34576.4,36590.7,38488.0,41132.5,43735.2,46409.1,48795.0,51242.1,52038.1,51722.7,53357.3,54918.3,56524.0,58076.5,59367.3,61727.9,63337.2,66704.2,69023.5,71097.1,70800.5,78403.1,84869.2
33000,New Hampshire,3,"    Durable goods",3446.4,3808.3,4151.4,4342.2,4585.7,4924.4,5349.3,5556.1,5728.1,5689.3,5748.8,5381.6,4988.3,5184.1,5268.8,5511.8,5835.7,6159.2,6504.4,6656.8,6842.0,7097.1,7261.1,7783.3,9574.0,10232.6
34000,New Jersey,1,Personal consumption expenditures,193615.1,206219.0,220351.8,237684.3,250245.6,262635.3,278154.7,294265.6,311008.9,326975.3,340079.3,349924.5,342548.8,352741.4,362084.6,372893.6,381523.2,394640.6,404207.8,415927.6,428802.3,446294.5,463021.9,453151.6,514108.0,556464.6
34000,New Jersey,3,"    Durable goods",23024.2,25015.1,27549.6,29772.6,31245.1,33317.7,34878.0,36576.7,37942.3,39846.9,39928.4,37372.1,34584.8,35764.0,36954.4,37676.4,39010.8,39677.4,40570.1,40500.8,41332.5,42992.5,44550.3,45522.5,56440.1,59339.0
35000,New Mexico,1,Personal consumption expenditures,30660.3,32383.8,34289.5,36370.9,37920.9,39536.0,41854.5,44802.0,48348.7,51691.5,54730.9,57246.1,56758.5,58776.8,61451.0,62602.2,63851.9,66245.1,67683.2,69069.9,71126.1,74341.9,75343.4,74209.4,84561.4,91583.8
35000,New Mexico,3,"    Durable goods",4179.8,4505.9,4848.0,5094.3,5324.1,5677.1,5851.1,6345.5,6611.6,6762.1,7116.9,6638.3,6021.5,6117.0,6289.3,6578.5,6878.1,7195.3,7581.7,7645.9,7864.3,8285.3,8311.1,8546.2,10734.5,11133.5
36000,New York,1,Personal consumption expenditures,380691.7,404980.9,433573.4,466230.0,485087.9,502975.5,530354.9,562684.8,599438.4,633093.2,665303.1,688749.3,685583.9,713167.9,745100.2,767522.1,795231.1,834805.0,858787.2,886553.6,924936.8,969165.4,1003302.9,961433.8,1059483.9,1152504.5
36000,New York,3,"    Durable goods",36330.4,39478.9,43497.0,47085.8,48764.8,51636.8,54445.2,58218.2,60800.2,62747.3,66598.6,63981.3,59446.1,61466.4,64551.0,66466.8,69111.2,71958.6,73263.6,74270.8,76627.8,80175.1,82127.1,83781.0,100522.0,106136.9
37000,North Carolina,1,Personal consumption expenditures,147433.4,155992.9,168402.8,181525.7,188401.9,193989.9,203546.0,217242.9,233498.5,248355.5,263993.0,272605.7,269018.7,280867.9,292708.3,303579.9,313671.6,327466.8,340378.4,352946.4,370093.0,388109.5,405132.5,408183.7,467929.8,511778.0
37000,North Carolina,3,"    Durable goods",22060.6,23805.3,26439.0,27717.9,27797.3,28563.7,29144.6,31080.0,32594.6,33569.9,35311.5,32585.0,29659.8,30679.5,31808.0,33864.1,36093.9,38301.0,40624.8,42412.7,44301.8,46987.2,49575.4,54252.6,67938.1,73304.6
38000,North Dakota,1,Personal consumption expenditures,11834.5,12407.9,12999.5,13768.7,14510.0,15192.0,16036.0,17059.4,18124.6,19268.6,20413.5,21436.2,21992.6,23210.5,25631.3,28456.5,30444.7,32237.4,33069.1,32956.0,33030.2,34336.1,35554.3,35084.4,38281.5,41013.0
38000,North Dakota,3,"    Durable goods",1624.3,1683.4,1759.7,1854.9,1977.7,2107.6,2204.0,2333.5,2432.1,2563.6,2723.1,2650.4,2691.2,2920.9,3197.3,3597.8,3795.9,3975.8,4076.2,3937.3,3933.9,4108.0,4152.2,4508.3,5284.2,5450.8
39000,Ohio,1,Personal consumption expenditures,218428.2,230506.0,244074.9,260381.2,270966.5,280073.8,292806.3,305549.4,319761.2,330574.5,343184.5,349080.4,343501.1,355279.6,369404.2,381767.1,394401.6,406986.6,419081.2,431032.4,447950.5,463218.0,475838.1,468366.2,520162.4,561567.5
39000,Ohio,3,"    Durable goods",30537.3,32672.3,35000.8,36539.6,36822.3,38068.1,38796.9,39929.9,40274.7,39957.8,40659.0,37827.1,35220.9,35995.3,37797.2,39327.9,41256.4,43054.6,45502.2,46908.8,49209.9,51080.3,51862.4,55367.2,66675.6,70267.0
40000,Oklahoma,1,Personal consumption expenditures,56541.9,59559.4,63186.5,67413.9,70504.1,72558.4,76432.6,80535.4,86541.3,92246.7,97558.5,102059.5,100406.0,105035.7,110491.4,114070.9,117602.1,122262.2,124004.0,126384.5,130253.9,136007.7,138457.3,137768.3,155213.9,169016.4
40000,Oklahoma,3,"    Durable goods",8395.9,9089.7,9878.4,10198.4,10490.9,10798.1,11192.6,11732.5,12263.2,12578.5,13481.9,12706.1,12069.7,12565.0,13012.5,13754.8,14423.5,14996.9,15728.1,15847.7,16104.9,16848.8,17011.3,18332.7,22492.6,23280.8
41000,Oregon,1,Personal consumption expenditures,66873.5,70845.4,75719.2,80982.4,83983.4,87318.4,91577.9,98004.1,104708.7,111706.8,117601.9,120210.4,117906.7,121721.3,126457.0,129665.9,133614.5,140520.0,148092.8,154955.2,164616.9,174082.3,180343.0,179459.0,202810.3,221162.1
41000,Oregon,3,"    Durable goods",9538.9,10265.7,11324.4,11697.0,11831.9,12356.5,12514.9,13420.9,14280.5,14997.0,15533.0,14038.2,12670.6,13040.1,13346.8,13875.5,14909.2,16090.9,17405.9,18559.0,20195.6,21522.2,21922.1,23889.8,29303.6,31154.5
42000,Pennsylvania,1,Personal consumption expenditures,254308.7,267974.6,284766.6,304664.5,318001.4,329972.2,349799.2,369088.3,388455.6,406055.2,423686.0,438745.7,435016.9,453398.2,470444.5,480776.1,492004.0,504907.8,518363.6,529679.4,548260.1,575550.5,590965.0,574141.6,635949.1,696633.7
42000,Pennsylvania,3,"    Durable goods",32547.9,34712.7,37499.8,39461.1,40980.6,42742.2,44582.8,46841.6,47344.4,47411.7,48522.2,46419.8,44702.2,46945.5,49244.3,50557.1,51309.0,52008.9,53329.0,53952.2,55331.5,58818.3,60252.3,63835.3,76614.3,81137.0
44000,Rhode Island,1,Personal consumption expenditures,20700.0,21942.1,23381.7,25334.1,26628.0,28057.2,29977.2,31565.7,33218.0,34571.9,35785.7,36327.7,35947.9,36596.5,37655.0,38060.7,39300.2,40862.3,42056.1,43101.6,44528.9,46506.6,47800.7,47361.2,53435.0,57771.2
44000,Rhode Island,3,"    Durable goods",2046.9,2221.0,2515.2,2863.5,2965.2,3267.3,3471.5,3598.6,3683.5,3670.4,3662.5,3355.3,3160.8,3261.1,3339.4,3400.5,3508.0,3691.4,3870.2,3938.1,4082.4,4244.8,4326.1,4468.3,5364.2,5627.5
45000,South Carolina,1,Personal consumption expenditures,70356.0,74708.7,80120.3,85734.9,89205.2,92798.8,97641.0,104869.7,112568.8,119796.4,127725.5,132802.1,131213.5,137523.2,143267.1,146268.9,151499.5,158383.2,164635.0,171615.5,178743.4,186670.7,194674.0,195695.6,222946.9,244163.4
45000,South Carolina,3,"    Durable goods",9290.0,10151.8,11235.8,11758.6,11763.8,12222.6,12762.8,13635.3,14436.3,15006.0,15658.5,14176.7,12874.7,13633.0,14003.4,14643.7,15623.7,16494.5,17745.3,18740.6,19663.4,20415.1,21115.3,23240.3,28642.4,30246.9
46000,South Dakota,1,Personal consumption expenditures,12945.8,13601.5,14515.8,15478.3,16210.3,16925.7,17949.6,19257.4,20635.7,22059.2,23113.0,24305.1,24461.5,25960.6,26959.6,28256.2,29077.0,30077.6,31107.4,32326.4,33741.1,35334.2,36488.0,36651.8,41173.7,44579.0
46000,South Dakota,3,"    Durable goods",1570.2,1656.7,1808.3,1924.2,2016.2,2105.1,2213.4,2337.3,2440.6,2544.5,2739.1,2635.5,2526.6,2648.8,2689.8,2794.7,2923.7,3082.6,3274.5,3362.3,3463.6,3609.1,3668.4,4019.6,4849.6,5043.6
47000,Tennessee,1,Personal consumption expenditures,105623.4,110838.2,118130.0,126062.1,129837.3,134468.3,140450.8,149040.8,158759.9,168002.1,177300.9,181564.3,178900.4,186470.4,194909.6,200595.3,204743.2,213045.3,219728.3,228864.4,239992.1,250276.2,260801.1,261449.0,297834.4,326338.0
47000,Tennessee,3,"    Durable goods",15200.2,16400.3,17812.9,18385.3,18352.2,18977.6,19346.2,20331.8,21078.6,21462.9,22222.7,20096.5,18118.9,19338.2,20124.0,21014.2,21799.2,22882.1,24189.8,25350.0,26357.1,27296.5,28046.9,29908.4,37672.4,39626.1
48000,Texas,1,Personal consumption expenditures,375851.8,403961.3,434253.6,471789.1,498380.3,516406.1,541303.2,575309.8,619901.3,661402.9,702394.8,734122.6,733954.6,771625.4,817807.6,857088.0,893984.9,947259.9,987452.9,1022736.1,1073168.0,1124761.1,1168996.3,1176164.4,1343753.1,1473924.0
48000,Texas,3,"    Durable goods",52102.0,58404.4,65211.1,70990.7,73328.4,75456.9,76164.1,80689.4,85733.3,90198.1,95890.9,90006.9,83300.0,87208.1,92540.9,99469.9,104278.4,111244.5,119568.1,123459.9,129851.6,137720.2,140386.7,150894.4,192733.8,205618.8
49000,Utah,1,Personal consumption expenditures,37431.0,39544.4,41809.6,44950.1,47012.1,49337.7,51981.1,56192.3,60790.0,65987.7,71323.5,74052.5,72886.9,74728.6,78282.8,82173.0,85550.9,90645.5,94983.6,101149.4,107602.9,115404.2,121983.4,125532.7,146418.5,162917.0
49000,Utah,3,"    Durable goods",6049.2,6419.3,6810.8,7096.1,7230.9,7749.8,7898.3,8719.5,9526.6,10407.8,11470.6,10555.4,9440.3,9648.1,9926.8,10718.2,11678.7,12605.2,14043.3,15390.4,16943.3,18714.4,19876.6,23517.8,29747.3,32033.4
50000,Vermont,1,Personal consumption expenditures,12724.8,13526.0,14474.9,15570.5,16489.8,17271.9,18282.3,19403.9,20536.5,21455.0,22332.4,23078.8,23089.7,23877.2,25092.6,25712.6,26238.4,27111.7,27492.6,27779.6,28687.9,30274.9,30928.4,30323.7,33123.2,36069.1
50000,Vermont,3,"    Durable goods",1530.8,1655.8,1811.3,1920.5,2055.3,2215.6,2326.2,2472.9,2512.7,2469.5,2521.8,2383.7,2267.0,2327.3,2404.0,2465.2,2565.7,2697.8,2772.8,2821.7,2920.7,3008.2,3027.8,3103.0,3670.7,3918.1
51000,Virginia,1,Personal consumption expenditures,141506.8,150505.0,162716.4,176024.5,184913.4,194876.7,207100.9,223429.3,240687.1,255282.2,268547.9,278381.6,275960.2,287569.7,298041.6,306745.6,313709.5,323397.4,330467.2,339172.4,349392.3,364477.2,375438.0,370614.4,415582.1,452039.8
51000,Virginia,3,"    Durable goods",18820.3,20664.7,22951.3,24584.2,25256.2,26854.6,28120.4,30784.6,32502.5,33279.2,33447.5,31179.4,29037.8,30150.7,31386.4,32645.7,33687.2,34456.2,35950.5,36690.3,37820.6,39715.8,40833.1,44115.4,52739.5,55037.8
53000,Washington,1,Personal consumption expenditures,119476.0,131479.4,141339.1,152295.4,156985.3,162779.9,171974.9,183481.6,195664.6,209686.6,222210.3,232285.5,229607.5,236856.5,247788.1,256777.8,266531.7,279767.5,291926.6,306811.4,325690.0,345880.5,360564.3,356914.4,403720.9,440420.2
53000,Washington,3,"    Durable goods",15331.6,17960.5,19451.6,20618.7,20313.9,21070.1,22318.4,23764.8,24907.0,26284.3,27795.6,25918.7,23590.3,23898.2,24860.5,25838.0,27714.6,29230.3,30691.0,33279.2,35704.8,38393.3,39299.7,43175.7,53066.8,56479.0
54000,West Virginia,1,Personal consumption expenditures,30172.7,31510.3,33201.0,35057.4,36407.6,37913.6,39592.6,41954.5,44161.5,46132.8,48124.8,50179.6,51048.4,53259.1,55714.2,57188.1,58309.6,59585.7,61153.0,62968.6,64022.0,66466.4,67776.9,66989.9,73693.4,78923.3
54000,West Virginia,3,"    Durable goods",3784.1,4014.3,4261.8,4397.8,4515.0,4782.0,4880.4,5099.6,5049.0,5004.6,5121.1,4898.0,4815.5,5112.7,5296.9,5538.4,5663.7,5703.3,5932.9,5921.9,5945.5,6227.4,6273.1,6587.8,7864.1,8112.6
55000,Wisconsin,1,Personal consumption expenditures,102850.9,108943.1,116373.8,124865.7,130433.5,135786.6,143467.5,152103.7,160323.9,168429.6,174884.0,180266.0,178468.8,184793.5,191591.3,195140.7,199941.2,206949.5,212242.0,218417.9,227938.3,236881.7,243754.2,238385.3,267489.6,290410.8
55000,Wisconsin,3,"    Durable goods",14114.0,15198.0,16649.3,17369.9,17768.4,18545.2,19091.5,19895.0,19987.6,19943.6,20156.4,19124.9,18293.5,18851.3,19304.1,19937.0,21105.0,22505.5,23770.0,24871.9,26070.6,27475.4,27814.4,30147.5,35764.8,37766.3
56000,Wyoming,1,Personal consumption expenditures,9281.4,9906.0,10605.6,11358.3,11806.2,12308.2,13098.6,14131.0,15251.4,16490.2,17943.9,18653.2,18747.7,19193.0,20319.1,21223.3,21914.2,22984.5,23143.3,23542.4,23897.6,24652.3,25235.7,25579.8,28312.5,30465.8
56000,Wyoming,3,"    Durable goods",1294.3,1398.1,1517.8,1571.8,1678.2,1810.5,1881.5,2024.3,2135.0,2269.5,2443.3,2305.0,2114.2,2147.1,2251.6,2354.4,2429.8,2523.7,2587.8,2510.3,2540.2,2602.9,2621.4,2783.0,3278.2,3459.6