GeoFips,GeoName,LineCode,Description,2010:Q1,2010:Q2,2010:Q3,2010:Q4,2011:Q1,2011:Q2,2011:Q3,2011:Q4,2012:Q1,2012:Q2,2012:Q3,2012:Q4,2013:Q1,2013:Q2,2013:Q3,2013:Q4,2014:Q1,2014:Q2,2014:Q3,2014:Q4,2015:Q1,2015:Q2,2015:Q3,2015:Q4,2016:Q1,2016:Q2,2016:Q3,2016:Q4,2017:Q1,2017:Q2,2017:Q3,2017:Q4,2018:Q1,2018:Q2,2018:Q3,2018:Q4,2019:Q1,2019:Q2,2019:Q3,2019:Q4,2020:Q1,2020:Q2,2020:Q3,2020:Q4,2021:Q1,2021:Q2,2021:Q3,2021:Q4,2022:Q1,2022:Q2,2022:Q3,2022:Q4,2023:Q1,2023:Q2
01000,Alabama,2,"Population (midperiod, persons) 1",4777041,4784011,4791784,4798629,4803864,4809058,4816126,4823557,4829912,4835900,4843372,4850728,4855758,4861109,4867811,4874412,4879278,4884039,4890432,4896887,4901067,4905474,4911667,4918088,4922742,4927651,4934055,4940451,4944920,4949313,4956012,4962998,4967770,4973146,4980532,4988189,4993739,4999820,5007809,5015982,5021640,5027432,5034420,5039801,5041536,5046570,5053578,5059537,5063715,5070299,5078753,5087019,5093570,5100607
01000,Alabama,3,Per capita personal income (dollars) 2,33177,33728,34213,34279,34728,34756,34981,35054,35384,35616,35197,36036,35592,35716,35889,35643,35962,36538,36962,37425,37806,38123,38423,38405,38493,38621,38721,38991,39527,39834,40038,40463,40831,41100,41409,41943,42540,42878,43153,43410,44051,47821,45999,45694,52879,48727,48973,49645,49842,50437,51363,51990,52855,53083
02000,Alaska *,2,"Population (midperiod, persons) 1",708447,712137,715159,717367,719394,721429,723656,725864,727958,730036,732087,733980,735583,737175,738046,738079,737893,737688,737939,738454,738678,738948,739722,740855,741820,742829,743306,743070,742590,742098,741502,740552,739337,738208,737432,736815,735943,735152,734685,734341,733706,733103,733143,733537,733498,733882,734165,733985,733596,733543,733733,733988,733976,733983
02000,Alaska *,3,Per capita personal income (dollars) 2,48664,49378,49990,50333,51311,52099,52785,53434,53209,53429,53064,53682,52153,52047,52498,52547,54139,54925,55315,55905,56615,56770,56699,56642,55433,55408,55569,55927,55856,56090,56793,57340,58075,58489,59483,59868,60336,60465,60696,60712,60510,64410,61226,61294,68065,64585,64679,65429,66986,68312,69287,69906,69790,70546
04000,Arizona,2,"Population (midperiod, persons) 1",6385037,6397030,6408761,6421117,6431089,6440990,6455153,6471500,6485869,6499850,6515819,6531451,6543719,6556187,6573534,6593859,6611516,6628960,6649211,6669947,6687343,6704905,6726353,6749513,6769982,6790611,6812589,6833864,6852067,6869958,6892332,6916451,6937264,6958569,6983754,7010428,7033922,7057823,7085308,7113998,7139187,7165174,7191828,7214058,7231118,7252792,7277739,7301350,7322144,7346081,7372850,7399147,7423454,7448318
04000,Arizona,3,Per capita personal income (dollars) 2,33223,33664,33935,34251,34962,35094,35325,35525,35995,36268,35946,37099,36481,36851,36996,37096,37665,37996,38346,38828,39430,39797,39833,40218,40547,40961,41374,41597,42451,42883,43526,43891,44587,44923,45504,45950,47022,47467,47884,48331,49030,54239,53209,52108,58796,55120,55475,56275,57177,58007,58904,59636,60499,60988
05000,Arkansas,2,"Population (midperiod, persons) 1",2913213,2918758,2924191,2928992,2932774,2936608,2940454,2943354,2945538,2947626,2950196,2952301,2952939,2953843,2955852,2958069,2959187,2960363,2962904,2965891,2967399,2969174,2972048,2975089,2977028,2979199,2982330,2985497,2987421,2989381,2992065,2994243,2995063,2996301,2998575,3000848,3001867,3003222,3005983,3009129,3010772,3012627,3016382,3020270,3021935,3025716,3030711,3034976,3038136,3042832,3049076,3055537,3060338,3065317
05000,Arkansas,3,Per capita personal income (dollars) 2,31431,32154,32635,32661,33849,33837,34345,34712,35787,36250,35853,37256,36158,36267,36412,36277,37346,38096,38369,39013,38775,39066,39470,39720,39815,40074,40227,40578,41057,41180,41382,41989,42432,42761,43229,43669,43505,43482,43826,44143,45056,49441,47168,46873,54238,50576,50747,50977,51405,51783,53224,53998,54544,54516
06000,California,2,"Population (midperiod, persons) 1",37210595,37287788,37369535,37458703,37535248,37609809,37695840,37781987,37857822,37930859,38018671,38108701,38180854,38251757,38339154,38433382,38514273,38593589,38685105,38776556,38851128,38925545,39003862,39074656,39132347,39190672,39254416,39313635,39357534,39398728,39444147,39480312,39500264,39521567,39543363,39553944,39549214,39545868,39552519,39556805,39545040,39517338,39462462,39377778,39269887,39182051,39133085,39104944,39065401,39038573,39016410,38987574,38962171,38938634
06000,California,3,Per capita personal income (dollars) 2,42375,43018,43073,44036,45196,45316,45769,45727,46905,47373,47202,49643,47187,47930,48297,48834,49401,50206,51090,51736,52907,53681,54125,54563,55215,55473,56110,56653,57201,57836,58498,59342,59735,60612,61457,62167,63220,63913,64277,65265,66273,70405,72303,71458,78884,75853,76594,76398,76001,76332,77376,78454,79269,80241
08000,Colorado,2,"Population (midperiod, persons) 1",5020530,5038073,5056822,5075591,5092666,5109994,5128494,5146519,5163227,5179918,5199064,5218827,5236137,5253949,5274031,5294843,5313816,5332956,5356388,5382272,5405739,5429683,5453778,5476272,5496912,5518032,5538806,5557582,5574216,5591003,5610546,5630726,5648604,5667302,5685332,5700850,5714210,5728295,5743088,5756811,5768112,5778838,5788904,5796164,5799576,5806789,5815513,5822396,5827381,5835206,5844652,5853562,5861136,5869483
08000,Colorado,3,Per capita personal income (dollars) 2,40012,40438,40985,41838,43228,43585,44059,44044,44922,45237,44888,46848,46274,46896,47339,47767,49178,50012,50466,51180,51274,51547,51400,51386,50850,50958,51432,52026,52989,53757,54408,55461,56448,57259,58293,59233,60586,60943,61684,61828,63156,66026,64916,65386,72913,70485,71508,72798,73975,74760,77477,76655,77833,78479
09000,Connecticut,2,"Population (midperiod, persons) 1",3572541,3577166,3582654,3586742,3589527,3592384,3596059,3599328,3601616,3603845,3606635,3608720,3608966,3609530,3611322,3613145,3613614,3614134,3615093,3615236,3613638,3612276,3611984,3611484,3609689,3608091,3608264,3608985,3608237,3607467,3608676,3610294,3610265,3610672,3611386,3611017,3609089,3607526,3607644,3608121,3606763,3601363,3601208,3608210,3612567,3619364,3624208,3624849,3624088,3625132,3627756,3630386,3631408,3632752
09000,Connecticut,3,Per capita personal income (dollars) 2,60402,61584,61834,61780,62209,63162,63434,63042,63053,63547,62729,64895,61738,61821,62078,62328,63311,64069,64810,65751,65551,66017,66327,66958,67326,67492,67549,67752,68109,68828,69305,70259,71080,71677,72866,73044,73955,74010,73923,74726,75081,78533,77840,77477,82531,79903,79981,80628,81898,82001,83537,84256,85925,86674
10000,Delaware,2,"Population (midperiod, persons) 1",897035,898855,900956,903231,905199,907129,909329,911574,913601,915539,917889,920367,922404,924450,926922,929513,931776,933986,936542,939136,941277,943414,945792,948079,949994,951953,954248,956598,958523,960422,962871,965489,967626,969848,972519,975297,977599,979999,982926,986086,988695,990972,993877,997226,999823,1003045,1006651,1010048,1013053,1016512,1020547,1024703,1028275,1031869
10000,Delaware,3,Per capita personal income (dollars) 2,40348,40740,41410,41851,43341,43687,44006,44062,43536,43821,43258,44428,43351,43936,44027,44429,44662,45286,45635,45831,46770,47385,47230,47579,47480,48006,48390,48852,49414,49561,50283,50678,51730,52317,53079,53508,53401,53741,53917,53845,54647,57601,55842,54896,62726,57769,57225,57843,61408,62769,63880,64818,64654,64920
11000,District of Columbia,2,"Population (midperiod, persons) 1",600267,603284,606532,609906,613071,616174,619564,622979,626258,629469,632974,636504,639760,643029,646041,648598,650978,653334,656064,658982,661618,664266,666745,668873,670819,672796,674792,676688,678375,680038,681598,682884,683913,685027,685919,686465,686777,687165,687865,688710,689255,680161,670686,670261,669471,668984,669227,669939,670514,671333,672416,673576,674498,675378
11000,District of Columbia,3,Per capita personal income (dollars) 2,62043,62953,63453,64177,66524,66776,67283,67143,67563,67593,66528,68121,66937,67118,66946,67258,69433,70168,70913,71216,74222,74806,74955,75043,76702,77310,77571,78251,78608,79102,79953,80572,80922,81694,83004,83533,82977,83608,83802,84049,83531,90274,91512,90060,98756,97273,97223,96382,94076,95130,96678,97896,99613,100971
12000,Florida,2,"Population (midperiod, persons) 1",18782001,18823440,18871235,18924508,18970014,19014730,19071412,19133342,19189228,19243256,19306106,19370441,19423936,19477890,19546907,19623915,19692544,19760052,19844084,19937316,20019663,20102153,20198446,20301168,20395050,20488871,20583834,20672859,20751967,20829859,20908874,20979710,21039337,21100443,21165421,21225834,21275614,21326528,21389701,21456774,21511894,21562168,21623609,21686475,21733050,21793856,21883537,21987888,22083433,22188688,22308118,22430844,22540125,22649343
12000,Florida,3,Per capita personal income (dollars) 2,37901,38621,39052,39472,39998,40370,40571,40717,40820,40974,40737,42232,40408,40615,40824,40993,41787,42627,43131,43789,44477,44888,45057,45266,45176,45420,45918,46380,47389,48234,48767,49391,50080,50554,51358,52044,53054,53490,53731,54203,54572,57962,56804,56830,65060,61890,62185,62940,63290,64291,65436,66090,67597,68042
13000,Georgia,2,"Population (midperiod, persons) 1",9678771,9700537,9725481,9750167,9772077,9793726,9819220,9845778,9870410,9894281,9917901,9938298,9954477,9971035,9993650,10019768,10042792,10065546,10093629,10124144,10150518,10177221,10208549,10241670,10271617,10302041,10333349,10362782,10388677,10414326,10442894,10470708,10494391,10519160,10547704,10576978,10602285,10628640,10656139,10681403,10701854,10719951,10738484,10754601,10763742,10779018,10804804,10835707,10863446,10895589,10930476,10964666,10997294,11030716
13000,Georgia,3,Per capita personal income (dollars) 2,34231,34572,34885,35253,36441,36614,37001,36951,37005,37108,36901,38011,37125,37474,37537,37740,38613,39319,39832,40373,41015,41422,41731,41895,42465,42469,42770,43280,44177,44570,44927,45660,45854,46326,47018,47262,48136,48468,48643,48904,49070,53478,52043,51299,58778,55045,55124,55635,55474,56489,56961,57410,57655,57962
15000,Hawaii *,2,"Population (midperiod, persons) 1",1358217,1362657,1367695,1372894,1377749,1382477,1387627,1392865,1397756,1402555,1407604,1412605,1416938,1420983,1424629,1427712,1430340,1432818,1435999,1439421,1442263,1444989,1447944,1450726,1453183,1455649,1457362,1458057,1458222,1458178,1458785,1459568,1459800,1459949,1459988,1459519,1458502,1457404,1456969,1456718,1455837,1453077,1450786,1450047,1448486,1447467,1446461,1444850,1442755,1440942,1439873,1439137,1437817,1436129
15000,Hawaii *,3,Per capita personal income (dollars) 2,41011,41352,41729,41863,42692,42708,42675,42952,43470,43711,43262,43666,43312,43453,43626,43893,44658,45273,45738,46062,46585,47048,47301,47661,48082,48428,48730,49103,50088,50329,50683,50852,51053,51431,51678,52073,53280,53640,54066,54610,54863,59762,56917,56385,64309,60780,60910,59909,60163,60885,62014,63976,63894,64457
16000,Idaho,2,"Population (midperiod, persons) 1",1565685,1569443,1573408,1577433,1580922,1584553,1588389,1591965,1595105,1598296,1602566,1607415,1611447,1615702,1620980,1626832,1632063,1637383,1643277,1649195,1654306,1659581,1666854,1675531,1683577,1691781,1701075,1710916,1720014,1729194,1738607,1747557,1755745,1764211,1773808,1783951,1793374,1803013,1813497,1824228,1834168,1844003,1856351,1870354,1882938,1896960,1908887,1917478,1925336,1934276,1944123,1954102,1963122,1972393
16000,Idaho,3,Per capita personal income (dollars) 2,31298,31740,32171,32566,33171,33321,33620,33710,34211,34542,34570,35897,35152,35720,35957,35971,36379,37020,37234,37845,38579,38675,39008,38932,39318,39611,39846,39854,40487,41074,41383,41933,42670,43022,43346,43956,45174,45716,46174,46541,47636,50987,49524,50379,56918,52707,52928,54377,55170,56227,57218,57768,58400,58382
17000,Illinois,2,"Population (midperiod, persons) 1",12827357,12838332,12853532,12867430,12876946,12886598,12898799,12909366,12916724,12923613,12934847,12945928,12950736,12956447,12963752,12968587,12968823,12969125,12972203,12973667,12969096,12965334,12964384,12961883,12954818,12948532,12945952,12943039,12934957,12926815,12922056,12915528,12903272,12892583,12885785,12878415,12865752,12854416,12846125,12836448,12820707,12798506,12775911,12752499,12720374,12696502,12674971,12648456,12617700,12592788,12573863,12555747,12531646,12507948
17000,Illinois,3,Per capita personal income (dollars) 2,41267,41920,42425,42796,43824,43960,44238,44269,45445,45791,45499,46961,46248,46690,46869,47133,47708,48289,48717,49401,50043,50527,50987,51164,51091,51126,51278,51843,52153,52731,53326,53983,55126,55875,56365,56898,57340,57443,57872,58219,58792,63077,62333,62148,69513,66270,66575,66776,66407,67144,68079,68935,70125,71056
18000,Indiana,2,"Population (midperiod, persons) 1",6480780,6487614,6496085,6504466,6510677,6517282,6525079,6532095,6537556,6543003,6551826,6561858,6568709,6576380,6585357,6593706,6599754,6606103,6613372,6619396,6622351,6626019,6633112,6641496,6647582,6654281,6662724,6670797,6676301,6682065,6691783,6702845,6710996,6720322,6731121,6741135,6748522,6756843,6766779,6776176,6782502,6786638,6792812,6799816,6801915,6808941,6816801,6821323,6823399,6829160,6838083,6847255,6852870,6859216
18000,Indiana,3,Per capita personal income (dollars) 2,34875,35469,35783,36209,37063,37376,38026,38259,38552,39044,39054,39892,39567,39494,39410,39276,39855,40573,40996,41461,41735,42093,42206,42504,42662,42967,43312,43624,43979,44377,44676,45182,46051,46289,46690,47189,47938,48096,48385,48648,49632,53090,51924,52176,59642,55596,55951,56594,57572,57912,58471,59284,59370,59949
19000,Iowa,2,"Population (midperiod, persons) 1",3044940,3049121,3054309,3059407,3063332,3067507,3071913,3075476,3078155,3080910,3085674,3091285,3095197,3099600,3105037,3110464,3114657,3119082,3124034,3128353,3131063,3134173,3138212,3142022,3144635,3147576,3151573,3155485,3158017,3160766,3164197,3166977,3168229,3170102,3173456,3177084,3179368,3182094,3185480,3188433,3189794,3190206,3191965,3194123,3193794,3196007,3198514,3199060,3198287,3199402,3202105,3204766,3205641,3207020
19000,Iowa,3,Per capita personal income (dollars) 2,37414,38093,38459,38767,40412,40510,41201,41416,42080,42562,42238,43205,42901,43091,43194,42845,43232,44255,44352,44652,45189,45213,45632,45731,45539,45517,45828,45780,46505,46644,46624,47308,47974,48454,48804,49816,49395,49113,49974,50168,49951,54869,52349,53110,60300,57737,57312,56910,59044,59883,60975,60938,61980,62122
20000,Kansas,2,"Population (midperiod, persons) 1",2850084,2855935,2861026,2864889,2867697,2870672,2875179,2880225,2884454,2888722,2893026,2896306,2898093,2900200,2903246,2906262,2908175,2910216,2913491,2916894,2918895,2921184,2923664,2925225,2925733,2926509,2927711,2928331,2927731,2927235,2928371,2929930,2930147,2930864,2932278,2933303,2933120,2933323,2934946,2936986,2937615,2937648,2938365,2938748,2936954,2937271,2938237,2937961,2936539,2936649,2938203,2939878,2939987,2940339
20000,Kansas,3,Per capita personal income (dollars) 2,38717,39533,40196,40881,41899,42722,43371,43503,44928,44893,44116,45746,45010,45730,45857,46064,45517,46177,46546,46874,46629,46662,46642,46484,46227,46560,46934,47160,47750,48031,48291,48956,49399,50005,50547,51172,51699,51830,52311,52606,52943,56839,54964,55403,60386,57913,58004,57998,59473,59674,60979,61514,62699,63459
21000,Kentucky,2,"Population (midperiod, persons) 1",4336185,4344180,4352904,4359731,4365143,4370886,4377140,4382581,4386970,4391433,4397526,4403844,4408049,4412834,4417872,4421881,4424296,4426968,4431334,4435965,4438526,4441583,4445883,4449976,4452556,4455585,4460465,4465794,4469361,4473175,4477724,4481307,4482961,4485467,4489163,4492559,4494223,4496512,4500126,4503676,4505176,4506276,4507881,4508175,4505154,4505590,4507817,4508961,4508491,4510575,4514392,4518051,4519779,4522240
21000,Kentucky,3,Per capita personal income (dollars) 2,32674,33170,33444,33485,34277,34449,34719,34991,35607,35738,35451,35700,35772,35735,35784,35767,36692,37099,37323,37757,38233,38733,38916,39175,38976,39156,39529,39585,40076,40205,40470,40875,41190,41591,41755,42085,43052,43293,43513,43900,44481,49839,47091,46716,54555,50251,50651,50774,51419,51800,52109,52328,53594,54321
22000,Louisiana,2,"Population (midperiod, persons) 1",4527109,4539106,4549504,4558301,4565697,4572991,4580903,4588120,4594415,4600291,4607521,4614673,4619739,4625002,4631327,4637383,4641882,4646258,4652385,4658855,4663265,4667832,4673061,4677535,4680446,4683578,4685389,4684541,4681954,4679295,4678215,4676935,4673644,4670919,4670013,4669405,4666965,4665000,4664220,4663042,4659601,4654308,4649231,4643771,4635127,4629341,4623047,4613712,4602918,4594096,4587974,4582797,4574644,4566258
22000,Louisiana,3,Per capita personal income (dollars) 2,37294,37884,38522,38606,38717,38782,39051,39318,40078,40693,40388,41464,40836,41018,41037,41089,41916,42527,42783,42868,42559,42442,42512,42430,41786,41979,42178,42659,43075,43248,43660,43944,44716,45342,45695,46069,46774,46885,47029,47340,47705,53175,51141,48950,56879,53598,54088,53636,53510,54287,54845,55283,56570,57204
23000,Maine,2,"Population (midperiod, persons) 1",1328730,1328146,1328421,1329154,1329358,1329715,1330288,1330687,1330698,1330759,1331361,1332079,1332076,1332297,1333240,1334501,1335225,1336020,1336682,1336779,1336154,1335717,1336403,1337773,1338577,1339545,1340980,1342434,1343255,1344176,1345780,1347453,1348444,1349723,1351613,1353604,1354965,1356549,1358556,1360545,1361800,1362838,1365481,1369080,1371535,1375150,1378435,1380386,1381711,1383964,1386913,1389886,1391950,1394333
23000,Maine,3,Per capita personal income (dollars) 2,37516,37968,38321,38194,39240,39274,39587,39912,39774,40116,39748,40297,39726,39876,40002,40153,40297,40892,41336,42077,42100,42752,43172,43635,43793,44166,44271,44693,45279,45568,46163,46579,47118,47554,47980,48228,49392,49758,50105,50622,51429,57151,54028,54396,61486,57544,57691,58185,59220,60331,61330,61460,62909,62368
24000,Maryland,2,"Population (midperiod, persons) 1",5767316,5782594,5800290,5816977,5831812,5846399,5862467,5878162,5892593,5906493,5921132,5934580,5945316,5956157,5968884,5981751,5992599,6003193,6015169,6026627,6035408,6044285,6053944,6062511,6069035,6075726,6084748,6094313,6101561,6108530,6117045,6124746,6129804,6135358,6142813,6150171,6154994,6160291,6167011,6173013,6175972,6174685,6174315,6175626,6172763,6173439,6174132,6171609,6167083,6164985,6165750,6167143,6165742,6164151
24000,Maryland,3,Per capita personal income (dollars) 2,48706,49474,49796,50476,51188,51661,52159,52185,52435,52314,52207,53009,51886,51907,51789,51916,52223,52903,53445,53747,54580,54901,55190,55499,55872,56356,56786,57391,57496,57997,58420,59084,59194,59695,60250,60506,61235,61723,61757,62106,62240,66492,65729,64757,71949,67834,68015,68482,68774,69714,70886,71467,73102,73997
25000,Massachusetts,2,"Population (midperiod, persons) 1",6543626,6558560,6578175,6594223,6607927,6622064,6638482,6654992,6669778,6684657,6701982,6719332,6733349,6748185,6765160,6782047,6796557,6811423,6826506,6839386,6849049,6859391,6871602,6883317,6892665,6902726,6915739,6929464,6940474,6951726,6963817,6973872,6980933,6989120,6997847,7004624,7008586,7013399,7020038,7026067,7028783,7012239,6996016,6995359,6989649,6988905,6989614,6987382,6982568,6981430,6983195,6984733,6983342,6982778
25000,Massachusetts,3,Per capita personal income (dollars) 2,51702,52617,53186,53350,53984,55150,54902,54983,55644,56153,55664,57567,55706,56121,56251,56422,57024,57530,58460,59573,60572,61415,61745,62437,62589,63142,63981,64170,64923,65681,66543,67184,68250,68803,69524,70237,72075,72316,72293,72733,73511,79583,77790,78153,85391,82927,82958,82603,82881,83487,84384,87441,86989,88197
26000,Michigan,2,"Population (midperiod, persons) 1",9888279,9881963,9883587,9888996,9891002,9893313,9899853,9907456,9912606,9917520,9926039,9934850,9938711,9943546,9951945,9960753,9965860,9971155,9978162,9983523,9984080,9985408,9992248,10001242,10006664,10012813,10022616,10032826,10038957,10045261,10053972,10060989,10063443,10067428,10073061,10076730,10076134,10076774,10079884,10081997,10079094,10072557,10067052,10060328,10046169,10039264,10038398,10037145,10032219,10032510,10035513,10037140,10036476,10037592
26000,Michigan,3,Per capita personal income (dollars) 2,34604,35561,36033,36260,37262,37400,37811,38246,38656,38793,38720,39970,38985,39285,39407,39472,40064,40664,41050,41541,42295,42824,43205,43548,43739,43965,44109,44479,44897,45091,45271,45797,46671,46917,47266,47507,48230,48506,48589,48943,49483,56061,53415,52182,59712,55983,55378,55267,56255,56897,57379,57616,58961,59403
27000,Minnesota,2,"Population (midperiod, persons) 1",5300857,5307953,5318002,5328809,5337772,5347221,5357629,5367133,5375286,5383634,5394585,5406222,5415132,5424801,5436356,5448034,5457719,5467795,5478936,5489144,5496706,5504949,5516232,5528594,5538990,5550038,5563173,5576492,5587528,5598872,5611779,5623914,5633506,5644139,5655489,5665523,5673209,5681787,5690986,5698883,5704045,5707692,5710855,5711863,5708641,5709829,5712902,5713991,5712901,5715136,5719458,5723286,5724901,5727610
27000,Minnesota,3,Per capita personal income (dollars) 2,41299,42160,42846,43787,44591,45105,45411,45444,46745,47204,47086,48520,46990,47275,47699,47689,48159,49107,49833,50352,51061,51176,51450,51687,51548,51612,52241,52518,53514,53582,53697,54526,55156,55885,56511,57280,57407,57583,58133,58393,58763,63712,61237,61452,68863,66247,65954,66327,67263,68358,69689,70021,70945,71601
28000,Mississippi,2,"Population (midperiod, persons) 1",2966944,2969231,2971739,2974137,2975601,2976960,2978793,2980301,2981226,2981840,2983419,2985129,2985484,2985968,2987040,2987893,2987794,2987541,2987836,2987831,2986539,2985310,2985275,2985583,2984906,2984314,2984604,2984952,2984230,2983407,2982754,2981105,2978198,2975601,2974321,2973425,2971345,2969562,2968238,2966367,2963054,2959452,2957494,2955851,2952118,2950169,2948769,2946330,2942918,2940785,2940143,2939905,2938036,2936148
28000,Mississippi,3,Per capita personal income (dollars) 2,30503,31231,31497,31614,32290,32225,32541,32758,33271,33523,33194,33750,33694,33832,34406,33971,34146,34660,34707,34976,34717,35077,35265,35307,35474,35519,35618,35924,36340,36387,36675,36945,37072,37479,37705,38203,38730,38909,39345,39650,40165,45325,42614,41904,49704,45422,45509,45683,45699,45967,46713,47046,47644,47945
29000,Missouri,2,"Population (midperiod, persons) 1",5985073,5992472,5999043,6003787,6006442,6009426,6014165,6018707,6021731,6024740,6030056,6035655,6038206,6041499,6046741,6052015,6055049,6058300,6063702,6069193,6071696,6074821,6079929,6084918,6087686,6091013,6096790,6103087,6106816,6110790,6116433,6121245,6123277,6126324,6131322,6136060,6138213,6141212,6146369,6151678,6153939,6153918,6156857,6161554,6161678,6166400,6171640,6173358,6172763,6175570,6181604,6188012,6190710,6194031
29000,Missouri,3,Per capita personal income (dollars) 2,36532,36954,37170,37304,37967,38154,38591,38880,39516,39894,39614,40872,39934,40100,40189,40246,40647,41196,41605,42041,42235,42526,42857,43067,43572,43664,43855,44176,44313,44543,44840,45420,45796,46639,46877,47388,47886,48077,48573,49036,49810,54327,52027,52129,58750,55163,54920,55519,56334,57313,58487,59075,60436,60928
30000,Montana,2,"Population (midperiod, persons) 1",988633,990125,991946,993918,995554,997235,999205,1001153,1002801,1004474,1006903,1009776,1012107,1014562,1017201,1019681,1021742,1023857,1026395,1028997,1031049,1033209,1035969,1038939,1041515,1044184,1047356,1050662,1053502,1056381,1059214,1061558,1063376,1065398,1067830,1070252,1072207,1074291,1077117,1080317,1082950,1085549,1089635,1094577,1098614,1103549,1108457,1112570,1116206,1120524,1125433,1130403,1134700,1139179
30000,Montana,3,Per capita personal income (dollars) 2,35301,35853,36169,36630,37671,37869,38275,38773,39858,40020,39860,41043,39937,40176,40218,40260,40948,41813,42105,42507,42956,43107,43311,42963,42847,42946,43355,44025,44750,45418,45535,45838,46507,46997,47314,47989,48994,49259,49953,50279,50399,56097,53432,54028,60811,57395,57167,58113,60065,60669,61278,61852,63122,63492
31000,Nebraska,2,"Population (midperiod, persons) 1",1824284,1828212,1832160,1835837,1838834,1841991,1845884,1849907,1853414,1856949,1861085,1865098,1868153,1871437,1875650,1880130,1883911,1887796,1892096,1896133,1899259,1902576,1906823,1911334,1915128,1919142,1923271,1926898,1929713,1932623,1936006,1939123,1941321,1943877,1946825,1949533,1951454,1953629,1956342,1958975,1960675,1961910,1963039,1963501,1962495,1962979,1964366,1965376,1965617,1966961,1969104,1971222,1972427,1973937
31000,Nebraska,3,Per capita personal income (dollars) 2,40159,41046,41413,41725,45137,45368,45847,46051,46279,46532,45723,47003,46195,46075,45994,45366,47091,48380,48263,49032,49362,49743,50011,49691,48843,48617,48611,48733,48692,49363,49634,50457,50480,50867,51442,52959,52663,52805,53883,54424,54122,58603,56354,57894,63968,62451,62377,61904,62753,63557,64950,65766,67192,67828
32000,Nevada,2,"Population (midperiod, persons) 1",2698408,2701277,2703477,2706067,2707776,2709435,2714578,2722345,2729395,2736284,2744274,2752468,2759355,2766264,2775380,2785915,2795419,2804839,2816244,2828717,2839915,2851150,2863524,2876173,2887788,2899486,2912326,2925513,2937494,2949343,2963113,2977747,2991064,3004587,3019263,3034179,3047850,3061689,3075394,3087922,3099098,3109915,3119951,3128073,3134189,3142028,3150693,3158544,3165386,3173377,3183003,3193101,3201669,3210010
32000,Nevada,3,Per capita personal income (dollars) 2,36449,37222,37672,37787,38263,38628,38767,38527,39367,39409,39302,40562,38887,39214,39420,39654,40092,40824,41299,42128,43265,43784,43833,44202,44026,44346,45479,44897,46311,46809,47366,47333,48705,48868,49373,50114,51263,51688,52015,52693,52830,56780,54465,54616,63032,60042,60498,60536,61099,61809,62358,62989,63525,64157
33000,New Hampshire,2,"Population (midperiod, persons) 1",1316570,1316763,1317888,1319266,1320187,1321237,1322698,1324194,1325370,1326578,1327991,1329193,1329731,1330498,1332205,1334477,1336277,1338158,1340015,1341387,1342128,1343030,1344737,1346764,1348332,1350047,1352242,1354462,1356148,1357906,1359912,1361604,1362685,1364033,1365929,1367896,1369290,1370890,1373023,1375252,1376787,1377949,1379899,1382306,1383600,1386037,1388653,1390497,1391774,1393921,1396698,1399433,1401427,1403702
33000,New Hampshire,3,Per capita personal income (dollars) 2,45882,47145,47405,47424,48470,49202,49301,49350,50335,50547,50420,51571,50111,50453,50469,50574,51188,51834,51964,53025,53041,54004,54262,55268,55010,55541,56068,56069,57044,57360,58437,58699,59801,60017,60636,60849,63821,63844,63883,64135,65883,68914,68096,68505,73232,71354,71634,72701,72609,73666,74296,75016,76251,76972
34000,New Jersey,2,"Population (midperiod, persons) 1",8787018,8800370,8819061,8837571,8852973,8868326,8885244,8900610,8913660,8926247,8941693,8956768,8967323,8978177,8992162,9006296,9017083,9027741,9041121,9053945,9062435,9071238,9083408,9095757,9104839,9114234,9128315,9144106,9156079,9167787,9181968,9194875,9203552,9213061,9225377,9237127,9244939,9253471,9265545,9277683,9285445,9279626,9272625,9272868,9266892,9266682,9268316,9266596,9261823,9260932,9264314,9268310,9268202,9268072
34000,New Jersey,3,Per capita personal income (dollars) 2,50554,50976,51084,51189,52359,52726,53119,53245,53906,53986,53872,55187,53958,54340,54386,54805,55482,56073,56627,57320,57917,58335,58666,58740,59390,59480,59872,60348,60754,61412,61992,62694,63265,63797,64606,65128,66940,67405,67640,67902,68873,71563,71454,71759,78284,75009,75461,75590,75988,76737,77743,78255,79501,80567
35000,New Mexico,2,"Population (midperiod, persons) 1",2055731,2062001,2067453,2072223,2076176,2079994,2083503,2085966,2087733,2089290,2091544,2093665,2094725,2095748,2096675,2096857,2096142,2095296,2095657,2096468,2096222,2095947,2096833,2098201,2098717,2099198,2100213,2101148,2101114,2100883,2101706,2102769,2102799,2102866,2104392,2106663,2107936,2109276,2111752,2114677,2116618,2117821,2118531,2118388,2116921,2116568,2116543,2115749,2114248,2113464,2113929,2114723,2114371,2113761
35000,New Mexico,3,Per capita personal income (dollars) 2,33091,33561,33877,34133,34818,35011,35196,35297,35756,35966,35466,35569,34730,34863,34839,35033,36042,36639,37121,37659,37467,37772,37752,37965,38143,38531,38573,38636,38899,38997,39254,39595,40315,40731,41235,41544,42612,42996,43422,43670,44642,48855,47077,45998,54255,50089,50037,50203,50624,51848,53315,52914,53627,54040
36000,New York,2,"Population (midperiod, persons) 1",19368708,19398739,19445954,19494609,19536462,19578073,19623213,19665227,19702208,19737960,19778590,19817063,19845761,19874940,19908482,19940038,19964416,19988374,20017079,20043612,20060588,20078112,20099634,20118441,20130173,20142671,20159203,20173591,20179707,20185084,20197874,20210061,20213147,20218021,20225915,20229779,20225101,20221772,20222487,20220100,20208005,20153137,20079956,20019882,19946275,19885092,19837407,19792001,19739890,19696302,19662478,19630489,19588917,19547297
36000,New York,3,Per capita personal income (dollars) 2,48004,48962,48669,48607,50855,50642,50842,50762,51780,52394,52148,54166,52311,52881,53039,53265,53594,53999,54768,55597,55764,56567,57065,57009,57893,58015,58364,59289,60858,61710,62409,63774,63321,63976,64644,64945,65680,66426,66580,66975,66808,71790,71334,69475,78547,74996,75101,75016,74363,74810,75744,76640,77860,79186
37000,North Carolina,2,"Population (midperiod, persons) 1",9522731,9553424,9581742,9601075,9617292,9633534,9653702,9674889,9693801,9712177,9734172,9756612,9774479,9792965,9814176,9835324,9853017,9870640,9892839,9916464,9935614,9955273,9981167,10010218,10035814,10061968,10089927,10116725,10139637,10162482,10189337,10216340,10238941,10262792,10289144,10314640,10335946,10358285,10383827,10409197,10429512,10443511,10465589,10496279,10519491,10549388,10583891,10616910,10646213,10680422,10719828,10760134,10795284,10830837
37000,North Carolina,3,Per capita personal income (dollars) 2,35643,35966,35866,36011,36588,36747,36879,37014,38489,38839,38722,39381,38001,37967,38032,38237,39026,39630,40153,40602,41208,41463,41777,41943,42297,42327,42608,43089,43617,43993,44336,44847,45216,45762,46242,46921,47834,48233,48469,48902,49751,53540,51819,51825,59109,55301,55850,56536,57610,57554,58253,58952,60014,60317
38000,North Dakota,2,"Population (midperiod, persons) 1",671404,673820,676674,679760,682614,685527,689391,693978,698375,702805,708002,713732,719074,724539,729572,733968,738070,742240,746814,751557,755896,760378,763037,763612,763919,764348,764998,765645,765979,766357,767356,768660,769621,770753,772143,773539,774616,775828,777066,778100,778767,779252,779439,779111,778225,777945,778204,778490,778459,778917,779594,780216,780560,781084
38000,North Dakota,3,Per capita personal income (dollars) 2,42537,43629,44449,45605,47248,47979,49325,50728,53989,55532,56119,58410,53784,54523,54870,54423,55492,57053,56866,57152,54443,53059,52499,52483,51123,51054,51563,51467,51448,51980,51658,52158,53660,54642,55527,56849,56477,55824,56963,57256,58725,63264,60793,61698,67183,66121,65542,64638,68318,70137,71468,71498,73334,73424
39000,Ohio,2,"Population (midperiod, persons) 1",11536923,11539167,11545790,11551544,11553261,11555577,11561230,11566429,11568766,11570996,11580141,11592268,11598559,11606205,11617621,11629056,11636199,11643714,11653982,11662987,11666292,11670671,11679251,11687970,11692440,11697878,11708166,11719368,11725781,11732540,11742563,11750990,11754025,11758982,11767807,11776230,11779724,11784738,11792446,11798887,11799446,11797391,11795086,11788248,11772609,11765745,11764806,11762147,11755144,11754550,11758175,11760917,11759406,11759780
39000,Ohio,3,Per capita personal income (dollars) 2,35808,36390,36897,37207,38353,38660,39203,39478,39788,40212,40016,41034,40433,40766,40858,40941,41603,42046,42500,42950,43303,43703,43927,44242,44235,44423,44586,45019,45607,45888,46259,46702,47114,47530,48077,48543,49023,49218,49484,49883,50408,54957,53243,52951,60195,55882,55675,56311,56773,57481,58189,58643,59620,60308
40000,Oklahoma,2,"Population (midperiod, persons) 1",3746415,3755527,3763607,3770950,3776989,3783171,3790736,3798424,3805093,3811737,3820220,3829255,3836423,3843882,3851493,3858170,3863394,3868644,3876077,3884316,3890692,3897345,3903565,3908055,3911200,3914680,3917868,3919584,3919700,3919816,3922049,3924814,3925788,3927289,3931022,3935537,3938402,3941716,3947065,3953149,3957338,3961801,3968804,3975870,3980153,3987091,3995308,4002336,4007907,4015447,4025092,4035155,4042959,4050893
40000,Oklahoma,3,Per capita personal income (dollars) 2,35739,36877,37705,38316,38689,39460,40133,40454,41405,41673,41548,42928,43006,43614,43806,44019,45239,45846,46202,46166,44863,44254,44250,43794,42153,41975,41980,42141,42970,43712,44106,44645,45332,45714,46270,46732,48178,47941,48173,48333,48473,52529,50160,49782,57313,54100,54112,55142,55296,55944,56800,57084,57987,58112
41000,Oregon,2,"Population (midperiod, persons) 1",3827870,3834290,3842677,3852053,3859972,3868141,3876599,3883986,3890252,3896565,3903909,3910793,3915632,3920893,3929746,3940877,3950446,3960181,3972867,3987049,3999192,4011750,4028416,4047730,4065500,4083656,4100598,4114959,4127539,4140237,4152361,4162207,4170089,4178640,4188146,4197039,4204099,4211698,4220291,4228377,4234375,4240705,4246905,4250320,4250521,4253865,4254863,4250683,4244811,4241219,4239823,4238535,4234903,4231669
41000,Oregon,3,Per capita personal income (dollars) 2,35766,35803,36004,36128,37330,37431,37488,37892,38856,39062,38902,39677,39028,39368,39599,39740,40603,41390,41996,42521,43621,43903,44474,44513,45279,45301,45459,45915,46669,47441,47764,48453,49343,49893,50581,51010,51632,51894,52172,53004,54027,58194,56595,57299,64570,60548,60749,60939,61663,61999,62527,62968,64579,65503
42000,Pennsylvania,2,"Population (midperiod, persons) 1",12698494,12709513,12725877,12742042,12753405,12765382,12779854,12792317,12801296,12810099,12822275,12832980,12836856,12842204,12852700,12863699,12869720,12876136,12885532,12893130,12894064,12896145,12903111,12910092,12912136,12915197,12923787,12933292,12937162,12941324,12951992,12963420,12968516,12975692,12984370,12989454,12988716,12989513,12995885,13002983,13003143,12997404,12998857,13005020,13001106,13006850,13008959,12998486,12982683,12974090,12972336,12970954,12962002,12954494
42000,Pennsylvania,3,Per capita personal income (dollars) 2,41146,41939,42448,42822,43540,44002,44419,44515,45217,45460,45422,46437,45467,45968,45998,46152,46703,47229,47689,48243,48732,49086,49474,49847,50043,50283,50843,51081,51047,51459,52172,52820,53551,54083,54913,55346,55778,56023,56097,56552,57070,62436,61759,59894,66741,63229,63118,63243,63184,64166,65094,65523,67139,67961
44000,Rhode Island,2,"Population (midperiod, persons) 1",1053216,1053952,1055612,1056709,1057406,1058152,1059402,1060792,1061890,1062969,1064394,1065765,1066589,1067528,1068904,1070324,1071347,1072424,1073807,1075109,1075896,1076766,1078110,1079483,1080483,1081578,1082740,1083618,1084061,1084525,1085942,1087827,1089259,1090827,1092277,1093151,1093577,1094118,1095195,1096424,1097090,1096785,1096607,1096909,1096404,1096661,1096729,1095888,1094623,1093895,1093830,1093817,1093155,1092518
44000,Rhode Island,3,Per capita personal income (dollars) 2,41771,42666,42954,43144,43495,44278,44292,44281,45173,45271,45081,45669,44880,44979,45229,45330,46079,46300,46729,47421,47590,48058,48168,48376,48107,48349,48850,48813,49447,49956,51056,51102,51746,51874,52140,52850,54899,55055,54956,55447,56189,61471,59940,58555,66236,63066,62635,62846,62173,63619,64151,64214,65750,66463
45000,South Carolina,2,"Population (midperiod, persons) 1",4620101,4629569,4638249,4646263,4652790,4659165,4668167,4678409,4687585,4696361,4706916,4717778,4726424,4735294,4747392,4761376,4773670,4785829,4800738,4816985,4830988,4845150,4860633,4875999,4889618,4903392,4918393,4933154,4946005,4958740,4973462,4988293,5000859,5013981,5028894,5043987,5056929,5070308,5085306,5100200,5112468,5124688,5140351,5156579,5168982,5184655,5205164,5227422,5247754,5270524,5295921,5321770,5345090,5368708
45000,South Carolina,3,Per capita personal income (dollars) 2,32238,32706,32941,33110,34057,34395,34532,34552,35578,35739,35529,36296,35581,35719,36063,36188,36873,37627,37990,38380,39016,39380,39797,40092,40256,40517,40841,41298,41887,42267,42480,42803,43121,43512,43983,44563,45660,45932,46280,46696,46732,51291,48513,48485,55727,51603,51646,52219,52527,53158,53889,54827,55825,55772
46000,South Dakota,2,"Population (midperiod, persons) 1",813122,815132,817087,818973,820575,822241,824457,826968,829267,831575,834015,836278,838144,840106,842101,843863,845324,846819,848366,849672,850567,851567,853306,855566,857520,859540,861983,864521,866701,868920,870925,872378,873412,874609,876329,878273,879848,881551,883347,884936,886122,887168,888965,891158,892667,894889,897985,901347,904356,907898,911868,915861,919371,923045
46000,South Dakota,3,Per capita personal income (dollars) 2,40307,41015,41856,41912,44158,44166,44498,45205,45395,45426,43223,45931,45190,45230,45010,44539,45944,46987,46826,47166,47669,47992,48417,48987,47978,48048,48537,48498,49310,49447,49382,49572,50770,50861,51298,53281,53630,53588,54993,55507,56239,61293,59083,61088,66927,65055,65009,64542,67054,68090,68760,68737,69690,69574
47000,Tennessee,2,"Population (midperiod, persons) 1",6340438,6351224,6363297,6376247,6387092,6398164,6412429,6427909,6441890,6455711,6469897,6482381,6491750,6501778,6514763,6528769,6540460,6552276,6566713,6581694,6593574,6606010,6621217,6637070,6650593,6664633,6681699,6699759,6715181,6730722,6748777,6766725,6781703,6797755,6814436,6829519,6841839,6855019,6871586,6889298,6903725,6917594,6931860,6943392,6949963,6961467,6979542,6999917,7017888,7039526,7064060,7088681,7110326,7132820
47000,Tennessee,3,Per capita personal income (dollars) 2,35160,35698,36047,36293,37191,37551,37907,38091,38714,39045,38874,39708,39043,39061,39086,39181,39806,40150,40319,40603,41429,41849,42119,42326,42615,42649,43061,43398,43968,44200,44430,45019,45736,46076,46805,47203,48489,48770,48999,49238,50629,53155,52040,51929,59699,55613,55853,56580,57502,57892,58562,59162,60363,60795
48000,Texas,2,"Population (midperiod, persons) 1",25092384,25192019,25291801,25394327,25488391,25581207,25686853,25797372,25901172,26002872,26108966,26210707,26300413,26390243,26500044,26622801,26736489,26849297,26974290,27102913,27220101,27337789,27456856,27569219,27672089,27775638,27879439,27975921,28061831,28146421,28236263,28321384,28395067,28470471,28558172,28649726,28730587,28813461,28909855,29010869,29100754,29186829,29276934,29362239,29430418,29513713,29620713,29738009,29847338,29966825,30100034,30237905,30364317,30488294
48000,Texas,3,Per capita personal income (dollars) 2,37979,38670,39237,39720,41323,41760,42263,42342,43501,43751,43390,44802,43810,44325,44571,44769,45984,46654,46999,47253,47216,46814,46705,46330,45621,45549,45890,46410,47481,48172,48785,49628,50360,50964,51710,52269,52729,53036,53369,53787,53375,56529,55438,55129,62517,59334,59624,60585,61171,62114,63212,63756,64792,65161
49000,Utah,2,"Population (midperiod, persons) 1",2757555,2769948,2781703,2792499,2802509,2812806,2823786,2834615,2844806,2855102,2866917,2879341,2890483,2901970,2913614,2924719,2934854,2945215,2957178,2969809,2981190,2992920,3007397,3023690,3039042,3054837,3071248,3087427,3102482,3117726,3132967,3147159,3160183,3173777,3187679,3201003,3213292,3226022,3239539,3253028,3265379,3277435,3290978,3305105,3317152,3331472,3344651,3354876,3364130,3375003,3386784,3398520,3409445,3420739
49000,Utah,3,Per capita personal income (dollars) 2,31691,31784,32122,32579,33548,33910,34234,34381,35193,35442,35127,36710,35718,36142,36402,36218,37049,37400,37707,38332,39320,39774,40056,40323,40905,41064,41391,41874,42311,42763,43296,43833,44743,45212,45713,46228,47789,47767,48282,48762,49439,53326,51519,52646,59227,55548,56128,57416,57946,58899,60000,60944,61452,61924
50000,Vermont,2,"Population (midperiod, persons) 1",625655,626047,626852,627761,628429,629157,629783,630129,630330,630517,631045,631703,632062,632506,633011,633377,633505,633683,634195,634839,635183,635590,636003,636204,636197,636243,636768,637555,638092,638674,639364,639851,640068,640417,640907,641307,641445,641646,642166,642727,642976,642948,643504,644626,645207,646306,647075,647081,646768,646894,647311,647721,647726,647904
50000,Vermont,3,Per capita personal income (dollars) 2,40594,41484,41849,41979,43068,43596,43925,44489,44428,44927,44440,45580,44821,45361,45400,45635,45914,46512,47162,47928,47612,48040,48320,48544,48698,48659,48922,48938,49542,49758,50206,50558,50942,51480,51909,52431,53943,54068,54414,54549,55544,61113,57649,57385,64438,60128,60122,60384,61692,62636,63264,64520,65687,66111
51000,Virginia,2,"Population (midperiod, persons) 1",7989609,8012918,8036568,8058451,8077755,8097136,8119721,8143047,8164548,8185692,8207544,8227472,8243608,8260290,8278488,8295995,8310750,8325524,8342131,8357946,8370114,8382757,8397768,8412645,8424791,8437498,8453086,8469161,8482071,8494983,8509324,8521910,8530959,8541058,8554464,8568474,8579115,8590648,8604439,8617708,8626950,8633191,8640320,8646746,8647201,8653137,8661721,8668023,8671440,8678805,8690051,8701756,8709549,8717658
51000,Virginia,3,Per capita personal income (dollars) 2,44719,45409,45675,45976,47063,47361,47837,47950,48683,48866,48694,49973,48231,48211,48109,48242,49049,49597,49980,50413,50997,51570,51889,52000,52130,52378,52772,53317,53784,54179,54567,55001,55383,55791,56367,56940,57758,58198,58588,58909,59460,62955,61574,61896,68973,65590,65995,66792,67399,68241,69745,70490,71428,72152
53000,Washington,2,"Population (midperiod, persons) 1",6715990,6733933,6755528,6778217,6798598,6819352,6840492,6859717,6877192,6894713,6914177,6933231,6948906,6965152,6986699,7011483,7033697,7056174,7083463,7113106,7139401,7166284,7198358,7233210,7265602,7298650,7333379,7367564,7398759,7430095,7460579,7487324,7510834,7535411,7560862,7584627,7605380,7627028,7651025,7674821,7695191,7713990,7727186,7732262,7731997,7736974,7747312,7758265,7766521,7778616,7792429,7804904,7816355,7829162
53000,Washington,3,Per capita personal income (dollars) 2,41709,42240,42508,42788,43884,44006,44347,44906,46241,46863,46738,48356,46910,47247,47750,47798,49005,49860,50714,51366,51868,52311,52640,52720,53643,53914,54350,55278,55906,56467,57054,57861,58876,59265,60236,60940,62566,63126,63568,64324,65032,69562,68278,68056,75825,73410,73342,74065,74127,74729,75810,76662,78196,79056
54000,West Virginia,2,"Population (midperiod, persons) 1",1852361,1853690,1855083,1856088,1856400,1856882,1857730,1858323,1858411,1858534,1858852,1858729,1857602,1856781,1856418,1855880,1854588,1853439,1852551,1851309,1849072,1847109,1845309,1843016,1839989,1837183,1834634,1831704,1827942,1824325,1821549,1818809,1815202,1811973,1809608,1807386,1804356,1801595,1799646,1797885,1795141,1792438,1790952,1789708,1786966,1785775,1784473,1781784,1778320,1775998,1774723,1773574,1771124,1768959
54000,West Virginia,3,Per capita personal income (dollars) 2,32065,32465,32992,33053,33933,34430,34736,34859,35218,35412,35026,35282,35061,35127,35053,35124,35604,36118,36410,36840,36832,37211,37171,37070,36959,37026,37032,37290,38408,38531,38991,39403,40006,40625,41507,41828,42510,42719,42752,42485,42946,48369,44761,44145,52298,47772,47800,48494,49174,49749,50201,50792,51832,52345
55000,Wisconsin,2,"Population (midperiod, persons) 1",5685016,5689565,5695558,5701650,5705706,5710271,5716440,5722332,5726733,5731288,5738074,5745048,5749084,5753932,5760492,5766837,5771029,5775563,5781448,5786589,5788896,5791900,5797142,5802525,5805812,5809731,5816241,5823334,5828055,5833054,5840090,5846663,5850548,5855547,5862278,5868578,5872411,5877125,5883463,5889351,5892355,5894488,5895118,5891762,5883953,5880671,5882435,5885218,5885708,5889603,5894925,5898992,5901900,5906288
55000,Wisconsin,3,Per capita personal income (dollars) 2,38190,38834,39303,39836,40611,40903,41542,41201,42194,42413,42300,43620,42263,42681,42869,42925,43313,44056,44310,44945,45521,45834,46077,46260,46311,46382,46781,46874,47578,47969,48675,49013,49986,50142,50737,51205,51902,52269,52351,52917,53207,57239,55190,56194,62682,59217,59493,60010,60583,61003,62096,62226,63112,63581
56000,Wyoming,2,"Population (midperiod, persons) 1",563194,564096,564798,565478,565977,566538,567988,570227,572311,574419,576291,577753,578953,580229,580993,581105,580994,580930,581400,582187,582705,583294,583516,583170,582637,582160,581354,580026,578460,576925,576139,575891,575364,574937,574959,575178,575182,575246,575686,576308,576664,577180,577921,578463,578566,579119,579790,580244,580464,581017,581847,582701,583236,583839
56000,Wyoming,3,Per capita personal income (dollars) 2,45002,45987,47015,47574,49615,49998,50878,51724,52816,53700,52783,55189,52442,52642,52926,53554,54735,56035,56729,57341,56841,56280,56157,55395,53833,53198,53175,53640,54947,56163,56689,57480,57820,58727,59685,60421,61216,61462,62118,62543,64236,67556,64924,65535,72459,69377,69540,70741,71887,72462,73620,74950,76812,77566