month,AK,AL,AZ,CA,CO,CT,FL,HI,IA,ID,IL,IN,KS,KY,LA,MD,MI,MN,MO,MS,NC,ND,NJ,NM,NV,NY,OH,OK,OR,PA,RI,SC,TN,TX,UT,VA,WA,WI,WV
1990-1,,,,,,,,,,,,,,,,,1178.0,,,,,,,,,,,,,,,,,,,,,,
1990-2,,,,,,,,,,,,,,,,,411.0,,,,,,,,,,,,,,,,,,,,,,
1990-3,,,,,,,,,,,,,,,,,988.0,,,,,,,,,,,,,,,,,,,,,,
1990-4,,,,,,,,,,,,,,,,,490.0,,,,,,,,,,,,,,,,,,,,,,
1990-5,,,,,,,,,,,,,,,,,1707.0,,,,,,,,,,,,,,,,,,,,,,
1990-6,,,,,,,,,,,,,,,,,367.0,,,,,,,,,,,,,,,,,,,,,,
1990-7,,,,,,,,,,,,,,,,,0.0,,,,,,,,,,,,,,,,,,,,,,
1990-8,,,,,,,,,,,,,,,,,316.0,,,,,,,,,,,,,,,,,,,,,,
1990-9,,,,,,,,,,,,,,,,,698.0,,,,,,,,,,,,,,,,,,,,,,
1990-10,,,,,,,,,,,,,,,,,3246.0,,,,,,,,,,,,,,,,,,,,,,
1990-11,,,,,,,,,,,,,,,,,1631.0,,,,,,,,,,,,,,,,,,,,,,
1990-12,,,,,,,,,,,,,,,,,1039.0,,,,,,,,,,,,,,,,,,,,,,
1991-1,,,,,,,,,,,,,,,,,1130.0,,,,,,,,,,,,,,,,,,,,,,
1991-2,,,,,,,,,,,,,,,,,2732.0,,,,,,,,,,,,,,,,,,,,,,
1991-3,,,,,,,,,,,,,,,,,2876.0,,,,,,,,,,,,,,,,,,,,,,
1991-4,,,,,,,,,,,,,,,,,321.0,,,,,,,,,,,,,,,,,,,,,,
1991-5,,,,,,,,,,,,,,,,,3163.0,,,,,,,,,,,,,,,,,,,,,,
1991-6,,,,,,,,,,,,,,,,,933.0,,,,,,,,,,,,,,,,,,,,,,
1991-7,,,,,,,,,,,,,,,,,1344.0,,,,,,,,,,,,,,,,,,,,,,
1991-8,,,,,,,,,,,,,,,,,679.0,,,,,,,,,,,,,,,,,,,,,,
1991-9,,,,,,,,,,,,,,,,,512.0,,,,,,,,,,,,,,,,,,,,,,
1991-10,,,,,,,,,,,,,,,,,1606.0,,,,,,,,,,,,,,,,,,,,,,
1991-11,,,,,,,,,,,,,,,,,458.0,,,,,,,,,,,,,,,,,,,,,,
1991-12,,,,,,,,,,,,,,,,,1332.0,,,,,,,,,,,,,,,,,,,,,,
1992-1,,,,,,,,,,,,,,,,,643.0,,,,,,,,,,,,,,,,,,,,,,
1992-2,,,,,,,,,,,,,,,,,220.0,,,,,,,,,,,,,,,,,,,,,,
1992-3,,,,,,,,,,,,,,,,,1169.0,,,,,,,,,,,,,,,,,,,,,,
1992-4,,,,,,,,,,,,,,,,,295.0,,,,,,,,,,,,,,,,,,,,,,
1992-5,,,,,,,,,,,,,,,,,355.0,,,,,,,,,,,,,,,,,,,,,,
1992-6,,,,,,,,,,,,,,,,,575.0,,,,,,,,,,,,,,,,,,,,,,
1992-7,,,,,,,,,,,,,,,,,659.0,,,,,,,,,,,,,,,,,,,,,,
1992-8,,,,,,,,,,,,,,,,,73.0,,,,,,,,,,,,,,,,,,,,,,
1992-9,,,,,,,,,,,,,,,,,913.0,,,,,,,,,,,,,,,,,,,,,,
1992-10,,,,,,,,,,,,,,,,,891.0,,,,,,,,,,,,,,,,,,,,,,
1992-11,,,,,,,,,,,,,,,,,12004.0,,,,,,,,,,,,,,,,,,,,,,
1992-12,,,,,,,,,,,,,,,,,1362.0,,,,,,,,,,,,,,,,,,,,,,
1993-1,,,,,,,,,,,,,,,,,179.0,,,,,,,,,,,,,,,,,,,,,,
1993-2,,,,,,,,,,,,,,,,,2422.0,,,,,,,,,,,,,,,,,,,,,,
1993-3,,,,,,,,,,,,,,,,,1053.0,,,,,,,,,,,,,,,,,,,,,,
1993-4,,,,,,,,,,,,,,,,,2016.0,,,,,,,,,,,,,,,,,,,,,,
1993-5,,,,,,,,,,,,,,,,,4379.0,,,,,,,,,,,,,,,,,,,,,,
1993-6,,,,,,,,,,,,,,,,,258.0,,,,,,,,,,,,,,,,,,,,,,
1993-7,,,,,,,,,,,,,,,,,76.0,,,,,,,,,,,,,,,,,,,,,,
1993-8,,,,,,,,,,,,,,,,,168.0,,,,,,,,,,,,,,,,,,,,,,
1993-9,,,,,,,,,,,,,,,,,469.0,,,,,,,,,,,,,,,,,,,,,,
1993-10,,,,,,,,,,,,,,,,,511.0,,,,,,,,,,,,,,,,,,,,,,
1993-11,,,,,,,,,,,,,,,,,2683.0,,,,,,,,,,,,,,,,,,,,,,
1993-12,,,,,,,,,,,,,,,,,249.0,,,,,,,,,,,,,,,,,,,,,,
1994-1,,,,,,,,,,,,,,,,,284.0,,,,,,,,,,,,,,,,,,,,,,
1994-2,,,,,,,,,,,,,,,,,441.0,,,,,,,,,,,,,,,,,,,,,,
1994-3,,,,,,,,,,,,,,,,,154.0,,,,,,,,,,,,,,,,,,,,,,
1994-4,,,,,,,,,,,,,,,,,407.0,,,,,,,,,,,,,,,,,,,,,,
1994-5,,,,,,,,,,,,,,,,,1116.0,,,,,,,,,,,,,,,,,,,,,,
1994-6,,,,,,,,,,,,,,,,,607.0,,,,,,,,,,,,,,,,,,,,,,
1994-7,,,,,,,,,,,,,,,,,352.0,,,,,,,,,,,,,,,,,,,1287.0,,,
1994-8,,,,,,,,,,,,,,,,,347.0,,,,,,,,,,,,,,,,,,,1493.0,,,
1994-9,,,,,,,,,,,,,,,,,354.0,,,,,,,,,,,,,,,,,,,1944.0,,,
1994-10,,,,,,,,,,,,,,,,,912.0,,,,,,,,,,,,,,,,,,,527.0,,,
1994-11,,,,,,,,,,,,,,,,,278.0,,,,,,,,,,,,,,,,,,,413.0,,,
1994-12,,,,,,,,,,,,,,,,,459.0,,,,,,,,,,,,,,,,,,,78.0,,,
1995-1,,,,,,,,,,,,,,,,,529.0,,,,,,,,,,,,,,,,,,,2772.0,,,
1995-2,,,,,,,,,,,,,,,,,718.0,,,,,,,,,,,,,,,,,,,927.0,,,
1995-3,,,,,,,,,,,,,,,,,718.0,,,,,,,,,,,,,,,,,,,998.0,,,
1995-4,,,,,,,,,,,,,,,,,1736.0,,,,,,,,,,,,,,,,,,,693.0,,,
1995-5,,,,,,,,,,,,,,,,,964.0,,,,,,,,,,,,,,,,,,,245.0,,,
1995-6,,,,,,,,,,,,,,,,,550.0,,,,,,,,,,,,,,,,,,,2415.0,,,
1995-7,,,,,,,,,,,,,,,,,1600.0,,,,,,,,,,,,,,,,,,,2099.0,,,
1995-8,,,,,,,,,,,,,,,,,489.0,,,,,,,,,,,,,,,,,,,2045.0,,,
1995-9,,,,,,,,,,,,,,,,,1316.0,,,,,,,,,,,,,,,,,,,202.0,,,
1995-10,,,,,,,,,,,,,,,,,1444.0,,,,,,,,,,,,,,,,,,,354.0,,,
1995-11,,,,,,,,,,,,,,,,,2798.0,,,,,,,,,,,,,,,,,,,909.0,,,
1995-12,,,,,,,,,,,,,,,,,983.0,,,,,,,,,,,,,,,,,,,484.0,,,
1996-1,,,,,,,,,,,,,,,,,1456.0,,,,,,,,,,,,,,,,,,,140.0,,1273.0,
1996-2,,,,,,,,,,,,,,,,,1427.0,,,,,,,,,,,,,,,,,,,1112.0,,776.0,
1996-3,,,,,,,,,,,,,,,,,1040.0,,,,,,,,,,,,,,,,,,,2397.0,,261.0,
1996-4,,,,,,,,,,,,,,,,,732.0,,,,,,,,,,,,,,,,,,,925.0,,1590.0,
1996-5,,,,,,,,,,,,,,,,,2899.0,,,,3025.0,,,,,,,,,,,,,,,633.0,,646.0,
1996-6,,,,,,,,,,,,,,,,,495.0,,,,2019.0,,,,,,,,,,,,,,,860.0,,632.0,
1996-7,,,,,,,,,,,,,,,,,351.0,,,,853.0,,,,,,340.0,,,,,,,,,698.0,,969.0,
1996-8,,,,,,,,,,,,,,,,,537.0,,,,1146.0,,,,,,1506.0,,,,,,,,,218.0,,1138.0,
1996-9,,,,,,,,,,,,,,,,,168.0,,,,1269.0,,,,,,738.0,,,,,,,,,350.0,,1296.0,
1996-10,,,,,,,,,,,,,,,,,575.0,,,,3210.0,,,,,,4754.0,,,,,,,,,3546.0,,1032.0,
1996-11,,,,,,,,,,,,,,,,,523.0,,,,775.0,,,,,,1372.0,,,,,,,,,828.0,,1154.0,
1996-12,,,,,,,,,,,,,,,,,652.0,,,,1069.0,,,,,,1017.0,,,,,,,,,610.0,,1201.0,
1997-1,,,,,,,,,,,,1596.0,,,,,2099.0,,,,990.0,,,,,,1499.0,,,,,,,,,1276.0,,540.0,
1997-2,,,,,,,,,,,,1377.0,,,,,677.0,,,,103.0,,,,,,1404.0,,,,,,,,,546.0,,332.0,
1997-3,,,,,,,,,,,,992.0,,,,,617.0,,,,0.0,,,,,,306.0,,,,,,,,,293.0,,366.0,
1997-4,,,,,,,,,,,,947.0,,,,,1106.0,,,,0.0,,,,,,1392.0,,,,,,,,,738.0,,508.0,
1997-5,,,,,,,,,,,,144.0,,,,,421.0,,,,0.0,,,,,,1032.0,,,,,,,,,1688.0,,528.0,
1997-6,,,,,,,,,,,,207.0,,,,,1110.0,,,,0.0,,,,,,3423.0,,,,,,,,,0.0,,249.0,
1997-7,,,,,,,,,,,,1670.0,,,,,309.0,,,,1577.0,,,,,,1064.0,,,,,,,,,730.0,,385.0,
1997-8,,,,,,,,,,,,910.0,,,,,1518.0,,,,1671.0,,,,,,2840.0,,,,,,,,,1486.0,,1527.0,
1997-9,,,,,,,,,,,,81.0,,,,,440.0,,,,1059.0,,,,,,494.0,,,,,,,,,169.0,,456.0,
1997-10,,,,,,,,,,,,1342.0,,,,,1072.0,,,,1585.0,,,,,,2133.0,,,,,,,,,767.0,,462.0,
1997-11,,,,,,,,,,,,587.0,,,,,204.0,,,,1580.0,,,,,,1327.0,,,,,,,,,1211.0,,519.0,
1997-12,,,,,,,,,,,,680.0,,,,,671.0,,,,1514.0,,,,,,1083.0,,,,,,,,,2501.0,,732.0,
1998-1,,,,,,369.0,1238.0,,,,,268.0,,,,,44.0,,,,1754.0,,,,,,247.0,,,,,,,,,926.0,,543.0,
1998-2,,,,,,556.0,4082.0,,,,,1465.0,,,,,309.0,,,,2051.0,,,,,,2452.0,,,,,,,,,782.0,,723.0,
1998-3,,,,,,182.0,2652.0,,,,,640.0,,,,,970.0,,,,1436.0,,,,,,2184.0,,,,,,,,,981.0,,790.0,
1998-4,,,,,,632.0,552.0,,,,,1120.0,,,,,316.0,,,,590.0,,,,,,350.0,,,,,,,,,1623.0,,798.0,
1998-5,,,,,,585.0,1253.0,,,,,1619.0,,,,,128.0,,,,862.0,,,,,,2450.0,,,,,,,,,0.0,,1235.0,
1998-6,,,,,,151.0,2474.0,,,,,787.0,,,,,2466.0,,,,1140.0,,,,,,3067.0,,,,,,,,,110.0,,506.0,
1998-7,,2202.0,,,,581.0,619.0,,,,,395.0,,,,,794.0,,,,1473.0,,,,,,250.0,,,,,,,,,868.0,,863.0,
1998-8,,949.0,,,,354.0,700.0,,,,,831.0,80.0,,,,688.0,,,,1259.0,,,,,,1322.0,,,,,,,,,562.0,,253.0,
1998-9,,295.0,,,,687.0,719.0,,,,,651.0,0.0,,,,1286.0,,,,295.0,,,,,,1226.0,,,,,,,,,247.0,,188.0,
1998-10,,662.0,,,,682.0,823.0,,,,,732.0,356.0,324.0,,,5622.0,,,,3089.0,,,,,,1542.0,,,,,,,,,385.0,,744.0,
1998-11,,2055.0,,,,234.0,3516.0,,,,,1560.0,1965.0,813.0,,,577.0,,,,960.0,,,,,,1713.0,,,,,,,,,404.0,,497.0,
1998-12,,923.0,,,,103.0,840.0,,,,,405.0,0.0,0.0,,,359.0,,,,1217.0,,,,,,1749.0,,,,,,,,,405.0,,750.0,
1999-1,,577.0,,,,1209.0,2331.0,,,,2366.0,1390.0,595.0,176.0,,,4013.0,,,,2422.0,,,,,,1554.0,,,,,,,1700.0,,1516.0,,369.0,
1999-2,,138.0,,,,2936.0,1682.0,,,,3764.0,1191.0,588.0,547.0,,,489.0,,,,2784.0,,,,,,1944.0,,,,,,,3154.0,,180.0,,1018.0,
1999-3,,1492.0,,,,503.0,1188.0,,,,1032.0,229.0,86.0,1254.0,,,1063.0,,,,2735.0,,,,,,2248.0,,,,,,,1833.0,,0.0,,907.0,
1999-4,,827.0,,,,1130.0,1083.0,,,,1076.0,391.0,349.0,314.0,,,770.0,,,,2395.0,,,,,,1725.0,,,,,,,712.0,,0.0,,760.0,
1999-5,,1697.0,,,,310.0,1041.0,,,,1039.0,814.0,65.0,704.0,,,272.0,,,,1846.0,,,,,,1256.0,,,,,,,2091.0,,0.0,,832.0,
1999-6,,499.0,,,,279.0,1037.0,,,,369.0,546.0,1312.0,129.0,,,1607.0,,,,2135.0,,,,,,1731.0,,,,,,,2973.0,,0.0,,1028.0,
1999-7,,472.0,,,,404.0,1167.0,,,,1129.0,950.0,704.0,283.0,,,1387.0,,,,1794.0,,,,,,1352.0,,,,,,,655.0,,901.0,,608.0,
1999-8,,939.0,,,,175.0,618.0,,,,4189.0,1006.0,0.0,679.0,,,538.0,,,,2205.0,,,,,,1149.0,,,,,,,1245.0,,433.0,,504.0,
1999-9,,1228.0,,,,390.0,440.0,,,,2640.0,301.0,558.0,945.0,,,1557.0,,,,425.0,,,,,,2311.0,,,,,,,1920.0,,764.0,,480.0,
1999-10,,594.0,,,,821.0,2006.0,,,,1650.0,1632.0,411.0,975.0,,,82.0,,,,565.0,,,,,,1229.0,,,,,,,1151.0,,519.0,,635.0,
1999-11,,496.0,,,,429.0,708.0,,,,1681.0,1830.0,75.0,387.0,,,729.0,,,,2116.0,,,,,,323.0,87.0,,,,,,795.0,,567.0,,622.0,
1999-12,,121.0,,,,265.0,646.0,,,,494.0,565.0,49.0,380.0,,,1639.0,,,,671.0,,,,,,1643.0,0.0,,,,,,1055.0,,2312.0,,589.0,
2000-1,,192.0,,,,294.0,1844.0,,,,768.0,1942.0,169.0,720.0,,526.0,740.0,,,,572.0,,,,,,1267.0,75.0,,,,,,3294.0,,1169.0,,790.0,
2000-2,,745.0,,,,521.0,2760.0,,,,1510.0,732.0,868.0,1409.0,,2849.0,734.0,,,,2309.0,,,,,,2208.0,0.0,,,,,,2115.0,,75.0,,1680.0,
2000-3,,1518.0,,,,524.0,1560.0,,,,2243.0,450.0,0.0,824.0,,227.0,757.0,,,,840.0,,,,,,3136.0,0.0,,,,,,757.0,,1293.0,,940.0,
2000-4,,304.0,,,,759.0,274.0,,,,787.0,408.0,0.0,1027.0,,80.0,1275.0,,,,507.0,,,,,,1033.0,0.0,,,,,,1482.0,,343.0,,1800.0,
2000-5,,1001.0,,,,458.0,1247.0,,,,1732.0,713.0,65.0,368.0,,731.0,2063.0,,,,1005.0,,,,,,1082.0,0.0,,,,,,828.0,,2335.0,,75.0,
2000-6,,241.0,,,,373.0,1806.0,,,,172.0,51.0,85.0,109.0,,55.0,327.0,536.0,,,2142.0,,,,,,1151.0,0.0,,,,,,2340.0,,608.0,,438.0,
2000-7,,555.0,,,,317.0,1819.0,,,,1715.0,168.0,0.0,250.0,,290.0,204.0,0.0,1731.0,,970.0,,,,,,3095.0,0.0,,,,,,1152.0,,453.0,,482.0,
2000-8,,2182.0,,,,392.0,1327.0,,,,1641.0,233.0,0.0,857.0,,543.0,1284.0,72.0,835.0,,4571.0,,,,,,2051.0,0.0,,,,,,393.0,,819.0,,543.0,
2000-9,,110.0,,,,106.0,955.0,,,,1416.0,437.0,0.0,1072.0,,510.0,697.0,0.0,384.0,,1984.0,,,,,,1151.0,0.0,,,,,,1516.0,,569.0,,1726.0,
2000-10,,2347.0,,,,0.0,1565.0,,,,628.0,2168.0,0.0,153.0,,840.0,942.0,629.0,575.0,,1823.0,,,,,,1263.0,67.0,,,,,,2687.0,,1026.0,,1455.0,
2000-11,,1296.0,,,,1138.0,2476.0,,,,876.0,1121.0,0.0,418.0,,283.0,1166.0,327.0,557.0,,2537.0,,,,,,1317.0,0.0,,,,,,1353.0,,661.0,,1408.0,
2000-12,,826.0,,,,223.0,868.0,,,,1333.0,510.0,900.0,257.0,,450.0,3208.0,846.0,597.0,,2257.0,,,,,,236.0,242.0,,,,,,3535.0,,791.0,,430.0,
2001-1,,872.0,,,,1349.0,2861.0,,,,5949.0,4180.0,436.0,801.0,,3010.0,4342.0,264.0,1726.0,,2581.0,,,,,,1742.0,915.0,,3440.0,,,,3532.0,,3726.0,,2599.0,
2001-2,,761.0,,,,511.0,1579.0,,,,4785.0,914.0,0.0,682.0,,512.0,1015.0,215.0,1334.0,,1232.0,,,,,,3959.0,168.0,,2347.0,,,,4251.0,,1163.0,,1895.0,
2001-3,,1873.0,,,,776.0,2123.0,,,,1710.0,1102.0,169.0,640.0,,297.0,2082.0,246.0,944.0,,2634.0,,,,,,1877.0,271.0,,1781.0,,,,3557.0,,1789.0,,1289.0,
2001-4,,562.0,,,,760.0,1614.0,,,,3220.0,1174.0,0.0,2369.0,,290.0,2171.0,120.0,637.0,,1893.0,,,,,,5100.0,73.0,,2821.0,,,,4373.0,,1412.0,,386.0,
2001-5,,966.0,,,,710.0,1485.0,,,,4564.0,1195.0,146.0,2138.0,,67.0,1448.0,0.0,1405.0,,2884.0,,,,,,3335.0,700.0,,2407.0,,,,2724.0,,1104.0,,1838.0,
2001-6,,983.0,,,,1008.0,1938.0,,,,588.0,2016.0,200.0,1200.0,,903.0,1167.0,241.0,833.0,,1860.0,,,,,,1431.0,164.0,,2923.0,,,,2131.0,,1800.0,,557.0,
2001-7,,1626.0,,,,398.0,1735.0,,,,1947.0,311.0,440.0,220.0,,817.0,1312.0,0.0,867.0,,3562.0,,,,,,5395.0,162.0,,2488.0,,,,6509.0,,1015.0,,199.0,
2001-8,,1208.0,,,,302.0,2428.0,,,,1531.0,668.0,247.0,105.0,,223.0,683.0,0.0,637.0,,2150.0,,,,,,540.0,0.0,,4826.0,,,,1743.0,,1735.0,,979.0,
2001-9,,0.0,,,,333.0,2725.0,,,,1936.0,1369.0,39.0,229.0,,1446.0,1845.0,0.0,857.0,,4073.0,,,,,,3712.0,177.0,,5115.0,,,,13038.0,,2525.0,,698.0,
2001-10,,1144.0,,,,1595.0,3166.0,,,,9557.0,1794.0,2253.0,921.0,,726.0,1594.0,303.0,1850.0,,2921.0,,,,,4859.0,1932.0,120.0,,1746.0,,,,5704.0,,2112.0,,1975.0,
2001-11,,3778.0,,,,694.0,1295.0,,,,1911.0,4203.0,391.0,1724.0,,1520.0,709.0,125.0,869.0,,1723.0,,,,,2901.0,6171.0,0.0,,1029.0,,,,5187.0,,3375.0,,1125.0,
2001-12,,512.0,,,,433.0,1416.0,,,,3089.0,822.0,272.0,429.0,,230.0,580.0,1018.0,858.0,,1306.0,,,,,511.0,1635.0,25.0,,0.0,,,,3280.0,,519.0,,1355.0,
2002-1,,882.0,,,,541.0,1752.0,,,,1666.0,1453.0,81.0,1196.0,,345.0,1708.0,352.0,1134.0,,2140.0,,,,,1867.0,2496.0,493.0,,3066.0,,,,2156.0,,2013.0,,1373.0,
2002-2,,1328.0,,,,534.0,2198.0,,,,720.0,291.0,711.0,70.0,,429.0,2407.0,160.0,959.0,,1992.0,,,,,2504.0,1544.0,1409.0,,1644.0,,,,3270.0,,831.0,,1479.0,
2002-3,,764.0,,,,394.0,1954.0,,,,3552.0,1427.0,924.0,0.0,,1536.0,1973.0,0.0,985.0,,2394.0,,,,,586.0,2210.0,408.0,,2511.0,,,,4530.0,,1266.0,,1305.0,
2002-4,,606.0,,,,740.0,2067.0,,,,2209.0,1514.0,972.0,0.0,,1590.0,542.0,543.0,688.0,,1615.0,,,,,1485.0,2033.0,331.0,,998.0,,,,6624.0,,604.0,,2155.0,
2002-5,,683.0,,,,383.0,1652.0,,,,2404.0,2248.0,96.0,0.0,,549.0,1143.0,1332.0,99.0,,2517.0,,,,,1541.0,2460.0,633.0,,3150.0,,,,5389.0,,1632.0,,415.0,
2002-6,,50.0,,,,569.0,1132.0,,,,1120.0,755.0,812.0,0.0,,296.0,660.0,275.0,1492.0,,1033.0,,,,,1780.0,749.0,146.0,,1085.0,,,,2124.0,,1819.0,,305.0,
2002-7,,747.0,,,,267.0,780.0,,,,1414.0,814.0,1471.0,0.0,,1147.0,1563.0,511.0,1483.0,,2039.0,,,,,1718.0,2636.0,839.0,,1726.0,,,,2669.0,,185.0,,665.0,
2002-8,,663.0,,,,2196.0,676.0,,,,2418.0,1032.0,908.0,0.0,,734.0,1151.0,59.0,819.0,,2884.0,,,,,1791.0,2681.0,60.0,,2996.0,,,,3869.0,,675.0,,1906.0,
2002-9,,248.0,,,,385.0,785.0,,,,825.0,1063.0,173.0,0.0,,707.0,565.0,53.0,720.0,,1662.0,,,,,480.0,2860.0,0.0,,2177.0,,,,1543.0,,1283.0,,962.0,
2002-10,,354.0,,,,142.0,1581.0,,,,793.0,1532.0,960.0,0.0,,538.0,1630.0,189.0,1003.0,,2124.0,,,,,1762.0,2511.0,551.0,,2384.0,,,,4031.0,,1811.0,,1516.0,
2002-11,,286.0,,,,229.0,1358.0,,,,572.0,1010.0,63.0,0.0,,271.0,349.0,397.0,1514.0,,3222.0,,,,,2136.0,903.0,350.0,,2413.0,,,,2693.0,,574.0,,1184.0,
2002-12,,871.0,,,,740.0,2655.0,,,,1258.0,708.0,1787.0,0.0,,870.0,481.0,277.0,1674.0,,1056.0,,,,,1586.0,915.0,0.0,,3786.0,,,,4969.0,,1112.0,,865.0,
2003-1,,769.0,,,,1187.0,3896.0,,,,21430.0,3624.0,1414.0,736.0,,1977.0,2787.0,524.0,1811.0,,3854.0,,,,,2769.0,2869.0,1072.0,,1712.0,,,,8897.0,,1299.0,,1965.0,
2003-2,,250.0,,,,845.0,718.0,,,,1516.0,2330.0,1138.0,0.0,,372.0,639.0,220.0,1040.0,,498.0,,,,,621.0,2271.0,142.0,,1323.0,,,,2217.0,,1602.0,,1201.0,
2003-3,,188.0,,,,322.0,1750.0,,,,1983.0,4824.0,1035.0,0.0,,3635.0,1842.0,2560.0,817.0,,1458.0,,,,,1298.0,847.0,820.0,,4154.0,,,,2096.0,,450.0,,1780.0,
2003-4,,462.0,,,,238.0,1571.0,,,,2681.0,2637.0,1385.0,0.0,,594.0,2778.0,127.0,726.0,,1251.0,,,,,1730.0,1345.0,141.0,,2837.0,,,,1301.0,,1304.0,,1521.0,
2003-5,,792.0,,,,778.0,1022.0,,,,2073.0,886.0,594.0,0.0,,193.0,2673.0,873.0,200.0,,1521.0,,,,,1704.0,1049.0,0.0,,1294.0,,,,3710.0,,1397.0,,1455.0,
2003-6,,261.0,,,,369.0,1607.0,,,,586.0,524.0,142.0,0.0,,687.0,497.0,292.0,39.0,,1903.0,,,,,275.0,819.0,488.0,,1347.0,,,,1115.0,,934.0,,2471.0,
2003-7,,566.0,,,,499.0,920.0,,,,4089.0,1006.0,160.0,0.0,,796.0,1411.0,252.0,1048.0,,6479.0,,,,,1495.0,2328.0,1651.0,,2618.0,,,,2594.0,,2226.0,,1491.0,
2003-8,,824.0,,,,68.0,1279.0,,,,987.0,281.0,572.0,0.0,,322.0,631.0,228.0,398.0,,1633.0,,,,,615.0,1233.0,246.0,,969.0,,,,1993.0,,1799.0,,1683.0,
2003-9,,5339.0,,,,614.0,1720.0,,,,1662.0,167.0,69.0,0.0,,386.0,1817.0,537.0,449.0,,1541.0,,,,,2023.0,1282.0,337.0,,392.0,,,,2564.0,,1108.0,,1507.0,
2003-10,,1210.0,,,,316.0,1872.0,,,,2653.0,2130.0,297.0,0.0,,685.0,320.0,0.0,388.0,,2034.0,,,,,960.0,2614.0,103.0,,3526.0,,,,1878.0,,938.0,,1773.0,
2003-11,,1734.0,,,,311.0,2240.0,,,,2132.0,623.0,199.0,0.0,,246.0,2137.0,472.0,862.0,,1316.0,,,,,2404.0,5077.0,288.0,,1386.0,,,,2422.0,,740.0,,360.0,
2003-12,,309.0,,,,626.0,1986.0,,,,1143.0,381.0,713.0,0.0,,550.0,329.0,168.0,245.0,,972.0,,,,,1202.0,1481.0,65.0,,683.0,,,,1841.0,,143.0,,516.0,
2004-1,,741.0,,,,833.0,1331.0,,,,4938.0,755.0,1262.0,995.0,,152.0,1265.0,541.0,309.0,,2007.0,,289.0,,,1010.0,1536.0,536.0,,3250.0,,,,2097.0,,836.0,371.0,1071.0,
2004-2,,1060.0,,,,490.0,1338.0,,,,635.0,673.0,193.0,1149.0,,311.0,978.0,0.0,470.0,,1559.0,,967.0,,,1454.0,1266.0,200.0,,1213.0,,,,1208.0,,345.0,212.0,824.0,
2004-3,,882.0,,,,483.0,1295.0,,,,774.0,1380.0,116.0,779.0,,1015.0,811.0,648.0,1648.0,,1234.0,,671.0,,,1195.0,2585.0,100.0,,2104.0,,,,2476.0,,511.0,2440.0,821.0,
2004-4,,631.0,,,,443.0,1294.0,,,,1255.0,480.0,462.0,586.0,,741.0,1976.0,446.0,764.0,,1270.0,,732.0,,,1183.0,1937.0,1061.0,,5372.0,,,,1538.0,,968.0,456.0,529.0,
2004-5,,95.0,,,,608.0,651.0,,,,2334.0,1425.0,154.0,352.0,,764.0,763.0,0.0,387.0,,576.0,,876.0,,,1297.0,969.0,0.0,,1500.0,,,,508.0,,610.0,222.0,772.0,
2004-6,,841.0,,,,421.0,1666.0,,,,1105.0,1316.0,789.0,96.0,,501.0,742.0,350.0,251.0,,461.0,,1154.0,,,1938.0,1011.0,214.0,,1819.0,,,,831.0,,300.0,320.0,1014.0,
2004-7,,966.0,,,,599.0,3627.0,,,,4159.0,478.0,467.0,1789.0,,252.0,615.0,1081.0,141.0,,491.0,,2749.0,,,2128.0,2236.0,240.0,,1350.0,,,,1600.0,,3054.0,684.0,149.0,
2004-8,,1092.0,,,,0.0,2315.0,,,,570.0,724.0,297.0,563.0,,136.0,940.0,245.0,692.0,,926.0,,884.0,,,1485.0,829.0,70.0,,2264.0,,,,1632.0,,795.0,287.0,266.0,
2004-9,,87.0,,,,265.0,1214.0,,,,724.0,69.0,95.0,440.0,,326.0,971.0,353.0,463.0,,783.0,,1136.0,,,1239.0,463.0,0.0,,854.0,,,,3277.0,,1073.0,411.0,446.0,
2004-10,,399.0,,,,399.0,1755.0,,,,1370.0,674.0,98.0,362.0,,218.0,754.0,549.0,668.0,,933.0,,1110.0,,,1534.0,1157.0,0.0,,210.0,,,,1894.0,,1140.0,150.0,378.0,
2004-11,,1984.0,,,,552.0,445.0,,,,1249.0,740.0,58.0,384.0,,343.0,690.0,198.0,1192.0,,1509.0,,1681.0,,,2446.0,2078.0,0.0,,886.0,,,,1192.0,,323.0,63.0,799.0,
2004-12,,183.0,,,,164.0,1524.0,,,,565.0,125.0,261.0,0.0,,361.0,210.0,301.0,822.0,,1158.0,,1964.0,,,1797.0,338.0,0.0,,2246.0,,,,1240.0,,599.0,316.0,372.0,
2005-1,,606.0,,,,277.0,3441.0,,,,1814.0,1277.0,132.0,0.0,,743.0,517.0,572.0,422.0,,2035.0,,457.0,,,1050.0,900.0,0.0,70.0,1448.0,,,,633.0,,914.0,524.0,2917.0,
2005-2,,743.0,,,,0.0,973.0,,,,1256.0,537.0,427.0,0.0,,1670.0,361.0,409.0,18.0,,1230.0,,409.0,,,871.0,895.0,0.0,0.0,3054.0,,,,847.0,,388.0,416.0,366.0,
2005-3,,556.0,,,,176.0,1788.0,,,,448.0,675.0,8320.0,0.0,,661.0,4790.0,1964.0,813.0,,819.0,,1574.0,,,2309.0,1401.0,0.0,0.0,576.0,,,,1068.0,,754.0,574.0,1162.0,
2005-4,,80.0,,,,169.0,1417.0,,,,819.0,125.0,386.0,0.0,,970.0,1441.0,138.0,60.0,,910.0,,1004.0,,,1581.0,315.0,500.0,980.0,744.0,,,,552.0,,519.0,901.0,218.0,
2005-5,,227.0,,,,221.0,938.0,,,,1404.0,437.0,150.0,0.0,,292.0,373.0,80.0,402.0,,1235.0,,1523.0,,,2441.0,916.0,397.0,4.0,1100.0,,,,789.0,,700.0,1020.0,1842.0,
2005-6,,463.0,,,,849.0,631.0,,,,2204.0,579.0,138.0,0.0,,439.0,596.0,516.0,136.0,,3565.0,,851.0,,,2361.0,735.0,235.0,72.0,1900.0,,,,1005.0,,989.0,334.0,421.0,
2005-7,,0.0,,,,315.0,1576.0,,1048.0,,2472.0,1512.0,178.0,0.0,,388.0,986.0,65.0,395.0,,1252.0,,1075.0,,,1968.0,760.0,66.0,211.0,1630.0,,,,922.0,,1019.0,903.0,751.0,
2005-8,,336.0,,,,52.0,1467.0,,151.0,,2225.0,512.0,390.0,0.0,,714.0,845.0,339.0,281.0,,1084.0,,1433.0,,,172.0,817.0,0.0,158.0,1409.0,,,,697.0,,966.0,346.0,991.0,
2005-9,,678.0,,,,405.0,1457.0,,1.0,,349.0,549.0,88.0,0.0,,49.0,1001.0,572.0,1097.0,,1482.0,,974.0,,,531.0,518.0,0.0,311.0,201.0,,,,1651.0,,2281.0,214.0,972.0,
2005-10,,176.0,,,,267.0,1890.0,,0.0,,605.0,460.0,443.0,0.0,,711.0,163.0,422.0,460.0,,2294.0,,669.0,,,657.0,1094.0,250.0,695.0,1370.0,,,,879.0,,697.0,939.0,1605.0,
2005-11,,463.0,,,,498.0,713.0,,80.0,,127.0,613.0,373.0,357.0,,607.0,161.0,94.0,737.0,,1102.0,,801.0,,,2296.0,2397.0,52.0,0.0,7736.0,,,,790.0,,4503.0,373.0,303.0,
2005-12,,1202.0,,,,174.0,411.0,,0.0,,783.0,174.0,142.0,492.0,,201.0,153.0,0.0,872.0,,1413.0,,217.0,,,1048.0,2107.0,0.0,196.0,622.0,,,,357.0,,105.0,200.0,170.0,
2006-1,,671.0,,5439.0,53.0,2594.0,1113.0,,1033.0,,1036.0,2682.0,219.0,418.0,,215.0,886.0,708.0,1967.0,,1471.0,,1833.0,,,2197.0,2170.0,3756.0,257.0,5416.0,,,,689.0,,1446.0,713.0,991.0,
2006-2,100.0,171.0,,7559.0,0.0,410.0,1966.0,,251.0,,1532.0,176.0,0.0,74.0,,937.0,841.0,12.0,654.0,,266.0,,336.0,,,197.0,859.0,49.0,405.0,1091.0,,,,1963.0,,669.0,111.0,1003.0,
2006-3,0.0,784.0,,6116.0,70.0,1074.0,1316.0,,90.0,,833.0,910.0,166.0,0.0,,848.0,1678.0,9.0,58.0,,1486.0,,777.0,,,919.0,1028.0,58.0,172.0,1592.0,,,,676.0,,808.0,70.0,508.0,
2006-4,102.0,0.0,,5443.0,180.0,665.0,684.0,,744.0,,1228.0,1330.0,771.0,0.0,,277.0,421.0,0.0,942.0,,1793.0,,1139.0,,,809.0,3045.0,1665.0,0.0,1717.0,,,,453.0,,781.0,255.0,1905.0,
2006-5,151.0,1421.0,,7630.0,256.0,252.0,3633.0,,1151.0,,623.0,420.0,254.0,0.0,,306.0,500.0,767.0,235.0,,1261.0,,1005.0,,,829.0,2954.0,0.0,137.0,843.0,,,,1030.0,,500.0,730.0,860.0,
2006-6,171.0,1031.0,,8920.0,769.0,589.0,2385.0,,351.0,,1047.0,378.0,243.0,0.0,,251.0,774.0,269.0,250.0,,1296.0,,742.0,,,789.0,1164.0,0.0,0.0,89.0,,,,537.0,,855.0,1153.0,695.0,
2006-7,0.0,1506.0,,4244.0,272.0,565.0,695.0,,422.0,,2171.0,520.0,0.0,0.0,,0.0,981.0,430.0,2082.0,,869.0,,410.0,,,587.0,929.0,160.0,175.0,386.0,,,,639.0,,491.0,909.0,864.0,
2006-8,0.0,327.0,,6160.0,1294.0,176.0,738.0,,336.0,,536.0,930.0,720.0,50.0,,198.0,1024.0,171.0,257.0,,432.0,,260.0,,,666.0,2586.0,0.0,68.0,789.0,,,,439.0,,1590.0,745.0,814.0,
2006-9,0.0,1412.0,,3239.0,373.0,77.0,2481.0,,1.0,,987.0,591.0,513.0,0.0,,326.0,737.0,194.0,1179.0,,1313.0,,2649.0,,,880.0,1315.0,1138.0,101.0,571.0,,,,440.0,,641.0,283.0,197.0,
2006-10,0.0,1251.0,,7339.0,156.0,361.0,766.0,,531.0,,3708.0,1949.0,322.0,0.0,,274.0,1163.0,627.0,367.0,,2193.0,,1124.0,,,919.0,6294.0,0.0,878.0,1156.0,,,,1180.0,,836.0,577.0,532.0,
2006-11,0.0,752.0,,4864.0,199.0,160.0,1258.0,,9.0,,1600.0,633.0,88.0,0.0,,434.0,566.0,1045.0,114.0,,1191.0,,1066.0,,,864.0,837.0,0.0,1425.0,703.0,,,,762.0,,1345.0,933.0,900.0,
2006-12,0.0,408.0,,3033.0,253.0,66.0,554.0,,63.0,,1095.0,688.0,110.0,0.0,,580.0,285.0,152.0,1060.0,,1075.0,,2457.0,,,796.0,844.0,900.0,0.0,689.0,,,,227.0,,521.0,187.0,1215.0,
2007-1,0.0,293.0,,5187.0,1212.0,680.0,813.0,,572.0,,800.0,1039.0,184.0,0.0,529.0,466.0,1550.0,1585.0,990.0,,1913.0,,1883.0,,,978.0,1164.0,204.0,0.0,651.0,,,,2426.0,,809.0,732.0,1714.0,
2007-2,0.0,494.0,,4574.0,283.0,698.0,1958.0,,0.0,,1234.0,753.0,280.0,0.0,78.0,138.0,1485.0,87.0,125.0,,1438.0,,439.0,,,1570.0,343.0,0.0,51.0,1618.0,,,,1201.0,,419.0,209.0,478.0,
2007-3,0.0,1147.0,,5996.0,75.0,105.0,3453.0,,22.0,,1398.0,383.0,226.0,0.0,130.0,742.0,2428.0,69.0,429.0,,1915.0,,330.0,,,2562.0,894.0,0.0,0.0,527.0,,,,1407.0,,533.0,285.0,289.0,
2007-4,0.0,632.0,,4834.0,389.0,643.0,2334.0,,731.0,,1196.0,1047.0,120.0,75.0,0.0,260.0,2552.0,473.0,1122.0,,4686.0,,405.0,,,1404.0,958.0,0.0,0.0,2652.0,,,,2400.0,,1785.0,482.0,1479.0,
2007-5,0.0,1376.0,,4245.0,1649.0,92.0,2355.0,,283.0,,1325.0,962.0,85.0,0.0,28.0,0.0,1345.0,299.0,265.0,,198.0,,524.0,,,1542.0,1104.0,81.0,780.0,1056.0,,,,593.0,,295.0,120.0,278.0,
2007-6,0.0,99.0,,2243.0,551.0,300.0,999.0,,3.0,,785.0,0.0,217.0,0.0,859.0,889.0,4297.0,352.0,199.0,,830.0,,622.0,,,1503.0,1158.0,320.0,0.0,1224.0,,,,777.0,,344.0,451.0,216.0,
2007-7,0.0,534.0,,2712.0,620.0,177.0,1255.0,,0.0,,1692.0,542.0,165.0,0.0,177.0,618.0,957.0,894.0,571.0,,819.0,,2506.0,,,1018.0,1369.0,580.0,191.0,1752.0,,,,277.0,,135.0,222.0,1121.0,
2007-8,0.0,526.0,,8157.0,321.0,208.0,892.0,,93.0,,961.0,857.0,67.0,364.0,95.0,242.0,581.0,0.0,690.0,,1186.0,,901.0,,,2309.0,1792.0,0.0,38.0,68.0,,,,1523.0,,654.0,913.0,583.0,
2007-9,140.0,992.0,,4759.0,702.0,207.0,975.0,,206.0,,613.0,894.0,132.0,93.0,0.0,251.0,429.0,47.0,640.0,,824.0,,3246.0,,,936.0,1283.0,0.0,0.0,983.0,,,,1813.0,,496.0,419.0,474.0,
2007-10,0.0,1694.0,,5612.0,131.0,60.0,1513.0,,300.0,,1664.0,1162.0,93.0,374.0,477.0,49.0,2421.0,261.0,340.0,,409.0,,1153.0,,,1494.0,2242.0,0.0,56.0,2082.0,,,,2320.0,,2055.0,223.0,841.0,
2007-11,0.0,845.0,,4654.0,379.0,130.0,722.0,,0.0,,2108.0,118.0,378.0,264.0,0.0,373.0,1926.0,0.0,1538.0,,1541.0,,2604.0,,,2483.0,835.0,0.0,0.0,1255.0,,,,2492.0,,1394.0,415.0,153.0,
2007-12,0.0,1710.0,,5076.0,389.0,87.0,1459.0,,1.0,,1799.0,188.0,270.0,0.0,1061.0,558.0,853.0,80.0,167.0,,806.0,,220.0,,,1985.0,1977.0,58.0,199.0,227.0,,,,472.0,,192.0,295.0,725.0,
2008-1,0.0,363.0,,3382.0,1097.0,348.0,1850.0,,244.0,,661.0,998.0,1963.0,698.0,0.0,606.0,1293.0,145.0,785.0,,1527.0,,1649.0,,,1948.0,2044.0,630.0,778.0,1695.0,,,,1084.0,,216.0,309.0,1454.0,
2008-2,0.0,284.0,,5023.0,898.0,93.0,863.0,,70.0,,1863.0,614.0,300.0,106.0,181.0,125.0,369.0,519.0,788.0,,784.0,,1009.0,,,1148.0,1751.0,0.0,252.0,1434.0,,,,1837.0,,837.0,1129.0,1760.0,
2008-3,0.0,1101.0,,3843.0,647.0,213.0,2533.0,,442.0,,2297.0,1925.0,0.0,485.0,680.0,24.0,511.0,80.0,617.0,,2322.0,,1972.0,,,1307.0,2012.0,0.0,210.0,931.0,,,,1200.0,,838.0,899.0,565.0,
2008-4,0.0,450.0,,7387.0,278.0,222.0,1742.0,,0.0,,2505.0,2263.0,500.0,494.0,283.0,201.0,2686.0,401.0,834.0,,2576.0,,2577.0,,,2788.0,2494.0,70.0,139.0,380.0,,,,2102.0,,1705.0,177.0,1790.0,
2008-5,0.0,457.0,,5536.0,40.0,979.0,1368.0,,88.0,,1862.0,588.0,411.0,934.0,551.0,387.0,1100.0,537.0,773.0,,604.0,,1836.0,,,1670.0,1562.0,158.0,212.0,1416.0,,,,465.0,,920.0,198.0,1298.0,
2008-6,0.0,769.0,,8277.0,1600.0,416.0,8694.0,,604.0,,858.0,1056.0,159.0,693.0,80.0,1076.0,370.0,347.0,467.0,,1888.0,,2524.0,,,1304.0,675.0,114.0,188.0,1057.0,,,,2219.0,,129.0,0.0,1253.0,
2008-7,0.0,69.0,,7328.0,502.0,79.0,2913.0,,116.0,,3005.0,2133.0,324.0,1117.0,786.0,114.0,1364.0,260.0,4721.0,,336.0,,1949.0,,,3788.0,1909.0,365.0,3140.0,643.0,,,,3219.0,,1163.0,1478.0,2345.0,
2008-8,0.0,0.0,,4817.0,51.0,199.0,1755.0,,0.0,,973.0,1607.0,711.0,1079.0,392.0,483.0,704.0,0.0,733.0,,816.0,,944.0,,,957.0,1269.0,0.0,60.0,1523.0,,,,1521.0,,441.0,1324.0,744.0,
2008-9,0.0,565.0,,4136.0,0.0,0.0,1372.0,,362.0,,2204.0,478.0,86.0,350.0,0.0,364.0,960.0,70.0,1190.0,,3684.0,,2781.0,,,2232.0,1660.0,0.0,0.0,588.0,,,,2001.0,,868.0,153.0,651.0,
2008-10,0.0,1089.0,,17172.0,90.0,1471.0,2538.0,,128.0,,1237.0,1079.0,206.0,707.0,0.0,58.0,5568.0,199.0,965.0,,2761.0,,2481.0,,,3330.0,4073.0,611.0,262.0,1562.0,,,,2361.0,,2311.0,1336.0,2839.0,
2008-11,130.0,997.0,,7657.0,369.0,759.0,2228.0,,377.0,,1239.0,4443.0,1408.0,421.0,0.0,605.0,4016.0,465.0,647.0,,1877.0,,1765.0,,,3130.0,4225.0,487.0,580.0,1208.0,,,,5093.0,,1062.0,4375.0,1266.0,
2008-12,0.0,1272.0,,12165.0,65.0,488.0,2786.0,,50.0,,7632.0,1738.0,1028.0,388.0,0.0,341.0,5049.0,769.0,2178.0,,1596.0,,924.0,,,5596.0,3695.0,521.0,736.0,2046.0,,,,2918.0,,2421.0,347.0,1640.0,
2009-1,0.0,937.0,,7388.0,1005.0,664.0,2695.0,,686.0,171.0,3723.0,1944.0,3122.0,482.0,751.0,803.0,3271.0,2486.0,1367.0,,3711.0,,2216.0,,,3241.0,2559.0,707.0,464.0,3789.0,121.0,1997.0,,4126.0,148.0,2942.0,2040.0,3297.0,
2009-2,0.0,1500.0,,9878.0,542.0,293.0,2671.0,,474.0,2243.0,2259.0,3306.0,2865.0,352.0,1573.0,821.0,1775.0,286.0,1310.0,,2612.0,,1247.0,,,4385.0,3183.0,306.0,430.0,1811.0,270.0,2355.0,,3189.0,57.0,1935.0,2403.0,1638.0,
2009-3,0.0,3395.0,,8339.0,157.0,206.0,2972.0,,567.0,111.0,2486.0,3166.0,805.0,454.0,1035.0,1094.0,1737.0,656.0,396.0,,1502.0,,1942.0,,,4902.0,5703.0,1355.0,2247.0,1656.0,273.0,1182.0,,3602.0,166.0,2120.0,898.0,2399.0,
2009-4,0.0,671.0,,15358.0,138.0,645.0,2855.0,,387.0,0.0,1532.0,1438.0,1939.0,919.0,568.0,602.0,1337.0,149.0,1015.0,,2618.0,,234.0,,,2965.0,2851.0,163.0,507.0,838.0,226.0,1344.0,,998.0,0.0,646.0,752.0,2042.0,
2009-5,0.0,2438.0,,6240.0,388.0,178.0,4013.0,,150.0,15.0,1705.0,4166.0,743.0,1722.0,649.0,331.0,1600.0,258.0,434.0,,1844.0,,991.0,,,4340.0,3486.0,296.0,662.0,1234.0,0.0,2316.0,,1558.0,359.0,1603.0,1794.0,1112.0,
2009-6,0.0,496.0,,6006.0,222.0,395.0,1881.0,,593.0,128.0,1939.0,1613.0,2142.0,162.0,90.0,388.0,2609.0,554.0,1315.0,,1736.0,,1448.0,,,1088.0,1648.0,268.0,237.0,764.0,10.0,1539.0,,2679.0,570.0,1455.0,559.0,1568.0,
2009-7,0.0,998.0,,4682.0,102.0,1111.0,1305.0,,284.0,0.0,1954.0,744.0,449.0,688.0,503.0,17.0,1064.0,477.0,84.0,,647.0,,510.0,,,2004.0,5106.0,99.0,149.0,507.0,170.0,1279.0,,900.0,131.0,365.0,408.0,1339.0,
2009-8,0.0,2365.0,,4375.0,809.0,240.0,2694.0,,389.0,205.0,591.0,196.0,680.0,355.0,1105.0,428.0,1021.0,117.0,611.0,,626.0,,945.0,,,1901.0,924.0,829.0,520.0,323.0,16.0,967.0,,1362.0,451.0,754.0,585.0,1166.0,
2009-9,0.0,511.0,,5134.0,256.0,58.0,285.0,,198.0,0.0,583.0,133.0,541.0,209.0,0.0,75.0,3474.0,531.0,238.0,,857.0,,664.0,,,2255.0,954.0,0.0,235.0,2506.0,0.0,386.0,,875.0,201.0,620.0,350.0,988.0,
2009-10,0.0,214.0,,3485.0,1286.0,99.0,642.0,,130.0,93.0,1090.0,320.0,339.0,836.0,553.0,661.0,491.0,633.0,653.0,,1432.0,,3935.0,,,2103.0,1249.0,269.0,225.0,886.0,133.0,465.0,,1560.0,0.0,2031.0,436.0,908.0,
2009-11,0.0,320.0,,4888.0,942.0,214.0,807.0,,109.0,1.0,1097.0,552.0,77.0,566.0,384.0,135.0,1743.0,302.0,974.0,,888.0,,905.0,,,879.0,2207.0,34.0,450.0,1408.0,169.0,545.0,,1056.0,71.0,448.0,135.0,1545.0,
2009-12,0.0,425.0,,2025.0,75.0,407.0,183.0,,0.0,0.0,951.0,824.0,252.0,364.0,686.0,702.0,1100.0,586.0,360.0,,224.0,,1212.0,,,3508.0,1605.0,0.0,567.0,475.0,8.0,783.0,,1480.0,0.0,481.0,136.0,831.0,
2010-1,0.0,822.0,,7997.0,1021.0,650.0,1326.0,,2024.0,322.0,1249.0,256.0,183.0,772.0,377.0,571.0,1153.0,0.0,107.0,,741.0,,578.0,,,2614.0,812.0,458.0,120.0,1737.0,0.0,592.0,,505.0,260.0,851.0,192.0,70.0,
2010-2,0.0,467.0,,5904.0,499.0,1134.0,999.0,,0.0,0.0,420.0,674.0,32.0,248.0,778.0,0.0,422.0,260.0,800.0,,489.0,,1046.0,,,1696.0,1707.0,107.0,68.0,795.0,165.0,618.0,,961.0,203.0,385.0,754.0,463.0,
2010-3,109.0,142.0,,4364.0,267.0,394.0,1132.0,,152.0,0.0,1594.0,405.0,1014.0,1046.0,39.0,862.0,64.0,0.0,233.0,,1022.0,,703.0,,,3028.0,1798.0,335.0,100.0,598.0,0.0,200.0,,2076.0,0.0,91.0,543.0,650.0,
2010-4,0.0,27.0,953.0,3665.0,68.0,201.0,971.0,,354.0,0.0,859.0,515.0,256.0,493.0,637.0,351.0,486.0,170.0,680.0,,291.0,,281.0,,,11770.0,1015.0,125.0,19.0,1734.0,0.0,847.0,,1479.0,50.0,653.0,125.0,897.0,
2010-5,0.0,246.0,0.0,4584.0,124.0,314.0,2909.0,,189.0,0.0,313.0,68.0,28.0,170.0,277.0,310.0,608.0,100.0,57.0,,174.0,,707.0,,,2856.0,402.0,460.0,810.0,430.0,0.0,450.0,,2175.0,102.0,665.0,145.0,708.0,
2010-6,0.0,240.0,236.0,3177.0,214.0,264.0,1050.0,,63.0,0.0,2048.0,280.0,37.0,88.0,83.0,361.0,173.0,0.0,1146.0,,504.0,,1385.0,,,1172.0,326.0,655.0,196.0,1100.0,0.0,533.0,,815.0,141.0,265.0,183.0,316.0,
2010-7,0.0,525.0,687.0,1998.0,372.0,129.0,2837.0,,155.0,0.0,206.0,259.0,594.0,55.0,842.0,1288.0,78.0,0.0,701.0,129.0,748.0,,1083.0,,,1456.0,497.0,0.0,94.0,935.0,0.0,285.0,,1661.0,39.0,173.0,188.0,467.0,
2010-8,0.0,846.0,802.0,2747.0,138.0,82.0,502.0,,213.0,0.0,1067.0,613.0,32.0,54.0,4798.0,914.0,551.0,388.0,79.0,500.0,0.0,,1412.0,,,1877.0,1369.0,344.0,0.0,836.0,115.0,500.0,,645.0,31.0,566.0,121.0,820.0,
2010-9,0.0,201.0,118.0,3042.0,430.0,642.0,397.0,,0.0,0.0,393.0,314.0,69.0,456.0,194.0,60.0,1396.0,2.0,5.0,0.0,774.0,,1190.0,,,780.0,96.0,0.0,109.0,990.0,0.0,548.0,,519.0,85.0,379.0,211.0,186.0,
2010-10,0.0,192.0,133.0,6919.0,182.0,100.0,924.0,,550.0,0.0,1496.0,676.0,1824.0,0.0,467.0,354.0,360.0,150.0,121.0,655.0,395.0,,2935.0,,,4855.0,549.0,65.0,657.0,1504.0,0.0,967.0,,1119.0,253.0,182.0,183.0,448.0,
2010-11,0.0,402.0,735.0,5464.0,552.0,837.0,2102.0,,334.0,0.0,1427.0,760.0,935.0,471.0,330.0,1087.0,125.0,10.0,56.0,0.0,747.0,,476.0,,,878.0,978.0,114.0,51.0,549.0,0.0,428.0,,1139.0,480.0,646.0,224.0,715.0,
2010-12,0.0,272.0,219.0,3083.0,0.0,82.0,1488.0,,120.0,0.0,495.0,725.0,483.0,1085.0,50.0,130.0,316.0,169.0,65.0,68.0,581.0,,1444.0,,,2180.0,1245.0,0.0,163.0,285.0,0.0,175.0,,761.0,0.0,828.0,450.0,1205.0,
2011-1,0.0,370.0,79.0,4802.0,621.0,220.0,571.0,,84.0,0.0,653.0,722.0,195.0,64.0,152.0,123.0,905.0,283.0,799.0,0.0,674.0,,986.0,,,3833.0,1227.0,163.0,0.0,794.0,122.0,442.0,,1531.0,72.0,513.0,468.0,724.0,
2011-2,0.0,1525.0,0.0,3312.0,177.0,534.0,2087.0,,55.0,0.0,457.0,202.0,175.0,547.0,81.0,146.0,214.0,8.0,413.0,488.0,423.0,,1627.0,,,2864.0,263.0,180.0,253.0,854.0,5.0,914.0,,2025.0,149.0,423.0,323.0,53.0,
2011-3,0.0,911.0,217.0,4740.0,71.0,0.0,2230.0,,246.0,0.0,505.0,265.0,95.0,76.0,7.0,589.0,145.0,682.0,70.0,279.0,1688.0,,4037.0,,,1601.0,738.0,106.0,0.0,446.0,0.0,445.0,,666.0,390.0,402.0,72.0,683.0,164.0
2011-4,0.0,172.0,112.0,4053.0,52.0,117.0,460.0,,227.0,522.0,474.0,76.0,375.0,789.0,7.0,287.0,0.0,150.0,383.0,67.0,219.0,,1186.0,,,2714.0,612.0,130.0,0.0,2495.0,98.0,100.0,,1829.0,0.0,268.0,384.0,1084.0,0.0
2011-5,0.0,656.0,442.0,3894.0,292.0,185.0,3063.0,,283.0,0.0,245.0,757.0,347.0,75.0,151.0,1984.0,418.0,189.0,578.0,100.0,252.0,,1784.0,,,766.0,1007.0,325.0,58.0,767.0,21.0,389.0,,1271.0,0.0,1360.0,598.0,379.0,233.0
2011-6,0.0,293.0,349.0,3073.0,134.0,271.0,1122.0,,105.0,0.0,574.0,261.0,410.0,344.0,160.0,868.0,0.0,85.0,318.0,141.0,889.0,,487.0,,,2963.0,1306.0,0.0,0.0,1027.0,0.0,269.0,,1399.0,0.0,338.0,309.0,0.0,425.0
2011-7,0.0,118.0,397.0,3245.0,130.0,381.0,2667.0,,369.0,0.0,1276.0,325.0,282.0,107.0,72.0,391.0,58.0,162.0,0.0,55.0,2139.0,,449.0,,,1416.0,892.0,0.0,250.0,848.0,107.0,340.0,,2240.0,136.0,24.0,891.0,266.0,99.0
2011-8,0.0,701.0,401.0,6588.0,343.0,598.0,998.0,,125.0,0.0,2162.0,253.0,106.0,249.0,8.0,254.0,262.0,203.0,541.0,16.0,456.0,,412.0,,,1872.0,1125.0,243.0,0.0,1141.0,16.0,621.0,,1084.0,77.0,744.0,569.0,962.0,0.0
2011-9,0.0,0.0,69.0,5838.0,323.0,131.0,2125.0,,0.0,0.0,657.0,550.0,326.0,187.0,102.0,465.0,758.0,1145.0,455.0,110.0,487.0,,1172.0,,,4878.0,211.0,246.0,35.0,511.0,0.0,296.0,,773.0,35.0,179.0,67.0,565.0,0.0
2011-10,0.0,244.0,274.0,5260.0,172.0,178.0,1390.0,,0.0,250.0,955.0,808.0,332.0,68.0,103.0,0.0,263.0,1086.0,345.0,148.0,819.0,,484.0,,,1655.0,1024.0,132.0,120.0,1278.0,110.0,607.0,,844.0,214.0,901.0,1275.0,463.0,0.0
2011-11,0.0,363.0,214.0,3714.0,227.0,171.0,551.0,,155.0,0.0,1122.0,616.0,619.0,219.0,389.0,353.0,821.0,0.0,140.0,370.0,383.0,,1958.0,,,3133.0,110.0,117.0,0.0,1206.0,0.0,248.0,,1816.0,114.0,188.0,215.0,414.0,0.0
2011-12,0.0,345.0,290.0,2138.0,0.0,225.0,308.0,,52.0,0.0,260.0,92.0,402.0,305.0,105.0,130.0,261.0,0.0,58.0,366.0,183.0,,361.0,,,3401.0,325.0,130.0,94.0,1582.0,0.0,536.0,,855.0,185.0,289.0,607.0,1205.0,429.0
2012-1,0.0,1807.0,265.0,4335.0,701.0,508.0,972.0,,144.0,200.0,1510.0,560.0,434.0,613.0,100.0,509.0,321.0,209.0,229.0,155.0,816.0,,850.0,,,1394.0,1612.0,392.0,67.0,531.0,70.0,1013.0,554.0,1579.0,195.0,633.0,167.0,390.0,290.0
2012-2,0.0,78.0,256.0,2494.0,611.0,156.0,1542.0,,0.0,0.0,975.0,264.0,151.0,969.0,50.0,419.0,239.0,84.0,614.0,132.0,396.0,,757.0,,,1332.0,2598.0,228.0,1.0,1010.0,0.0,767.0,2068.0,389.0,84.0,1241.0,347.0,715.0,359.0
2012-3,0.0,239.0,200.0,3608.0,529.0,66.0,1128.0,,411.0,0.0,1061.0,185.0,932.0,121.0,65.0,287.0,142.0,853.0,2429.0,265.0,1747.0,,398.0,,,1771.0,1494.0,175.0,764.0,2049.0,0.0,386.0,891.0,2033.0,0.0,575.0,39.0,334.0,132.0
2012-4,0.0,322.0,136.0,5072.0,151.0,178.0,1978.0,,0.0,0.0,1803.0,625.0,393.0,794.0,249.0,915.0,607.0,120.0,898.0,0.0,224.0,,2802.0,,,1630.0,638.0,179.0,86.0,1005.0,150.0,559.0,1204.0,1496.0,0.0,973.0,338.0,734.0,0.0
2012-5,90.0,325.0,1101.0,5943.0,704.0,887.0,2404.0,,274.0,316.0,1721.0,2566.0,644.0,601.0,676.0,3300.0,568.0,420.0,417.0,727.0,773.0,,2844.0,,418.0,2334.0,3155.0,306.0,146.0,763.0,0.0,1134.0,965.0,1690.0,666.0,617.0,1254.0,512.0,524.0
2012-6,90.0,527.0,0.0,3348.0,221.0,313.0,1284.0,,407.0,250.0,1195.0,473.0,194.0,1718.0,1038.0,179.0,198.0,143.0,268.0,297.0,458.0,,539.0,,0.0,2218.0,677.0,448.0,52.0,804.0,51.0,721.0,305.0,3164.0,419.0,967.0,241.0,376.0,503.0
2012-7,0.0,87.0,444.0,4232.0,521.0,7.0,336.0,,60.0,107.0,837.0,105.0,46.0,1935.0,412.0,55.0,183.0,223.0,116.0,81.0,244.0,,911.0,,0.0,1026.0,1926.0,222.0,46.0,1825.0,0.0,530.0,782.0,573.0,779.0,118.0,280.0,303.0,935.0
2012-8,0.0,119.0,44.0,2866.0,4215.0,154.0,1842.0,,321.0,0.0,1220.0,121.0,50.0,686.0,14.0,350.0,711.0,140.0,421.0,583.0,59.0,,451.0,,2590.0,724.0,616.0,247.0,0.0,925.0,0.0,233.0,896.0,1177.0,0.0,836.0,867.0,390.0,50.0
2012-9,0.0,250.0,84.0,6488.0,77.0,200.0,2568.0,,453.0,0.0,1708.0,570.0,348.0,50.0,197.0,300.0,155.0,646.0,329.0,156.0,498.0,,1774.0,,0.0,2362.0,160.0,515.0,441.0,1602.0,0.0,308.0,237.0,3510.0,75.0,595.0,506.0,625.0,239.0
2012-10,0.0,0.0,658.0,2983.0,434.0,256.0,1368.0,,153.0,114.0,858.0,218.0,436.0,383.0,0.0,364.0,370.0,166.0,239.0,0.0,519.0,,650.0,,0.0,2563.0,787.0,241.0,208.0,521.0,0.0,170.0,830.0,849.0,0.0,1036.0,402.0,512.0,204.0
2012-11,0.0,814.0,137.0,5340.0,434.0,688.0,1568.0,,50.0,0.0,2590.0,95.0,805.0,160.0,72.0,270.0,511.0,193.0,1065.0,259.0,827.0,,2160.0,,583.0,1674.0,503.0,0.0,0.0,314.0,0.0,325.0,285.0,3094.0,0.0,1110.0,0.0,510.0,0.0
2012-12,411.0,124.0,1808.0,2273.0,624.0,182.0,813.0,,94.0,2.0,810.0,724.0,27.0,709.0,3.0,239.0,398.0,0.0,15.0,0.0,1102.0,,323.0,,16.0,4318.0,680.0,0.0,185.0,1140.0,0.0,,719.0,854.0,0.0,398.0,296.0,122.0,195.0
2013-1,0.0,646.0,239.0,5970.0,263.0,183.0,1122.0,,216.0,49.0,731.0,1.0,108.0,876.0,4.0,2.0,358.0,159.0,290.0,558.0,2118.0,,2623.0,,305.0,1517.0,221.0,223.0,379.0,337.0,0.0,,489.0,1414.0,0.0,505.0,740.0,1251.0,50.0
2013-2,0.0,207.0,0.0,6352.0,56.0,384.0,1201.0,,0.0,0.0,1209.0,419.0,41.0,459.0,101.0,262.0,1361.0,0.0,0.0,71.0,859.0,,654.0,,0.0,2529.0,536.0,60.0,174.0,1038.0,0.0,,480.0,787.0,293.0,558.0,102.0,44.0,0.0
2013-3,0.0,727.0,195.0,4744.0,276.0,527.0,1127.0,,0.0,0.0,1359.0,669.0,85.0,397.0,351.0,668.0,225.0,75.0,1049.0,72.0,641.0,,817.0,,93.0,5107.0,1277.0,318.0,122.0,461.0,0.0,,2018.0,1647.0,19.0,1454.0,255.0,835.0,469.0
2013-4,0.0,635.0,150.0,6334.0,434.0,630.0,1148.0,,109.0,0.0,3191.0,2816.0,155.0,1121.0,105.0,942.0,390.0,313.0,377.0,324.0,459.0,,961.0,,0.0,3621.0,464.0,446.0,1802.0,834.0,0.0,,918.0,536.0,175.0,666.0,1160.0,1417.0,188.0
2013-5,75.0,424.0,292.0,4142.0,0.0,945.0,1891.0,,50.0,0.0,1144.0,349.0,317.0,566.0,110.0,145.0,235.0,462.0,340.0,738.0,1370.0,,738.0,,146.0,1400.0,701.0,0.0,406.0,988.0,65.0,,401.0,1162.0,0.0,467.0,731.0,309.0,128.0
2013-6,0.0,816.0,0.0,4570.0,37.0,228.0,1520.0,,0.0,0.0,1149.0,207.0,68.0,89.0,2.0,0.0,1142.0,85.0,390.0,0.0,919.0,,0.0,,0.0,1804.0,752.0,0.0,57.0,496.0,0.0,,2208.0,2574.0,193.0,426.0,268.0,518.0,460.0
2013-7,0.0,884.0,331.0,4005.0,1112.0,204.0,957.0,,0.0,356.0,461.0,72.0,88.0,360.0,465.0,718.0,392.0,181.0,407.0,90.0,601.0,,468.0,,0.0,3049.0,401.0,52.0,234.0,1066.0,0.0,,113.0,1644.0,269.0,8.0,438.0,594.0,337.0
2013-8,0.0,1010.0,289.0,4464.0,367.0,232.0,1167.0,,0.0,0.0,524.0,119.0,127.0,1256.0,317.0,0.0,577.0,0.0,1275.0,0.0,154.0,,147.0,,0.0,3421.0,2391.0,717.0,202.0,415.0,66.0,,912.0,1238.0,65.0,50.0,3.0,94.0,0.0
2013-9,0.0,1213.0,1306.0,4151.0,361.0,470.0,674.0,,0.0,156.0,536.0,2127.0,421.0,125.0,398.0,173.0,573.0,0.0,316.0,2074.0,1420.0,,666.0,,39.0,1546.0,641.0,141.0,229.0,586.0,1.0,,279.0,2536.0,0.0,894.0,647.0,215.0,324.0
2013-10,0.0,121.0,30.0,7911.0,346.0,368.0,1682.0,,0.0,75.0,6428.0,420.0,22.0,957.0,125.0,0.0,94.0,165.0,440.0,120.0,424.0,,1210.0,,0.0,2099.0,1538.0,1201.0,202.0,1341.0,0.0,,1316.0,3609.0,0.0,502.0,425.0,633.0,418.0
2013-11,0.0,1289.0,162.0,5276.0,157.0,232.0,2065.0,,45.0,262.0,1797.0,360.0,227.0,141.0,0.0,480.0,353.0,182.0,147.0,362.0,33.0,,598.0,,0.0,882.0,894.0,40.0,209.0,1698.0,49.0,,606.0,985.0,0.0,140.0,251.0,325.0,235.0
2013-12,0.0,0.0,129.0,6046.0,798.0,415.0,2050.0,,0.0,102.0,402.0,250.0,121.0,500.0,80.0,309.0,803.0,0.0,188.0,67.0,848.0,,642.0,,0.0,3138.0,678.0,0.0,0.0,1196.0,0.0,,59.0,1052.0,227.0,216.0,60.0,352.0,41.0
2014-1,0.0,0.0,434.0,5778.0,343.0,314.0,915.0,,93.0,440.0,628.0,269.0,589.0,277.0,418.0,541.0,985.0,124.0,344.0,545.0,448.0,,2300.0,,455.0,1296.0,1121.0,375.0,119.0,1116.0,0.0,,288.0,1042.0,187.0,439.0,114.0,636.0,187.0
2014-2,0.0,0.0,52.0,8774.0,131.0,263.0,2732.0,,158.0,2309.0,1061.0,431.0,439.0,360.0,406.0,765.0,84.0,404.0,404.0,610.0,384.0,,1145.0,,308.0,1729.0,591.0,0.0,87.0,2177.0,0.0,,146.0,2449.0,796.0,386.0,397.0,828.0,132.0
2014-3,0.0,381.0,187.0,4057.0,0.0,65.0,958.0,,255.0,206.0,275.0,312.0,1190.0,271.0,473.0,445.0,507.0,382.0,411.0,1384.0,695.0,,429.0,,478.0,3155.0,765.0,355.0,114.0,200.0,115.0,,420.0,1283.0,163.0,1216.0,92.0,447.0,0.0
2014-4,0.0,1750.0,1056.0,3547.0,14.0,317.0,1219.0,,542.0,605.0,776.0,345.0,727.0,782.0,125.0,150.0,768.0,640.0,240.0,160.0,681.0,,2076.0,,0.0,4057.0,535.0,331.0,84.0,397.0,0.0,,921.0,1370.0,114.0,426.0,203.0,1047.0,1180.0
2014-5,0.0,350.0,0.0,6886.0,51.0,135.0,809.0,,216.0,0.0,318.0,204.0,204.0,358.0,143.0,553.0,702.0,503.0,800.0,328.0,867.0,,1986.0,,147.0,1907.0,644.0,201.0,338.0,841.0,0.0,,180.0,739.0,0.0,814.0,85.0,604.0,0.0
2014-6,0.0,0.0,183.0,5017.0,1042.0,230.0,601.0,,131.0,0.0,1959.0,266.0,142.0,541.0,308.0,0.0,267.0,0.0,697.0,0.0,1020.0,,5547.0,,0.0,1592.0,1591.0,91.0,164.0,1037.0,142.0,,281.0,1439.0,0.0,506.0,377.0,306.0,397.0
2014-7,0.0,204.0,100.0,7178.0,109.0,333.0,1195.0,,500.0,595.0,564.0,984.0,66.0,605.0,196.0,198.0,296.0,300.0,67.0,439.0,511.0,,4123.0,,550.0,1669.0,1219.0,62.0,5.0,1334.0,5.0,,693.0,1133.0,279.0,1339.0,1446.0,982.0,1129.0
2014-8,0.0,108.0,406.0,3921.0,160.0,432.0,530.0,,0.0,0.0,2478.0,1084.0,146.0,0.0,346.0,61.0,109.0,0.0,393.0,0.0,618.0,,549.0,,114.0,1064.0,146.0,0.0,67.0,325.0,0.0,,55.0,1741.0,167.0,272.0,605.0,291.0,283.0
2014-9,0.0,75.0,105.0,5576.0,963.0,1.0,772.0,,0.0,0.0,553.0,270.0,1.0,274.0,506.0,367.0,1197.0,312.0,436.0,99.0,11.0,,3877.0,,150.0,1621.0,485.0,82.0,0.0,1073.0,0.0,,106.0,1500.0,150.0,266.0,1287.0,496.0,373.0
2014-10,0.0,100.0,2636.0,6246.0,1015.0,0.0,582.0,,56.0,0.0,720.0,283.0,1093.0,1059.0,434.0,261.0,337.0,225.0,529.0,362.0,1838.0,,552.0,,896.0,3556.0,425.0,207.0,229.0,1270.0,0.0,,679.0,1297.0,30.0,913.0,1246.0,194.0,0.0
2014-11,0.0,131.0,55.0,2580.0,0.0,30.0,2744.0,,5.0,312.0,1580.0,231.0,459.0,0.0,450.0,0.0,282.0,50.0,816.0,0.0,249.0,,804.0,,0.0,604.0,660.0,426.0,133.0,2365.0,0.0,,188.0,996.0,115.0,192.0,181.0,202.0,90.0
2014-12,0.0,201.0,475.0,4362.0,300.0,156.0,729.0,,277.0,251.0,277.0,124.0,224.0,1243.0,381.0,143.0,188.0,0.0,120.0,0.0,1364.0,,358.0,,191.0,726.0,513.0,60.0,0.0,1272.0,0.0,,585.0,308.0,0.0,310.0,542.0,170.0,543.0
2015-1,0.0,2501.0,0.0,4886.0,1650.0,64.0,560.0,,873.0,61.0,724.0,962.0,992.0,766.0,111.0,116.0,379.0,627.0,555.0,196.0,963.0,,1741.0,,133.0,3128.0,1267.0,269.0,253.0,1375.0,0.0,,703.0,1236.0,289.0,595.0,223.0,663.0,98.0
2015-2,0.0,184.0,0.0,6179.0,152.0,98.0,1481.0,,4.0,20.0,906.0,512.0,1.0,633.0,939.0,208.0,373.0,364.0,93.0,61.0,783.0,,2036.0,,1058.0,1157.0,91.0,921.0,1.0,959.0,290.0,,618.0,2720.0,0.0,565.0,577.0,999.0,0.0
2015-3,0.0,482.0,349.0,4751.0,606.0,186.0,1094.0,,94.0,165.0,2874.0,831.0,171.0,231.0,783.0,122.0,162.0,188.0,524.0,0.0,978.0,,272.0,,63.0,4972.0,771.0,600.0,88.0,1860.0,57.0,,713.0,1605.0,95.0,1086.0,102.0,449.0,178.0
2015-4,0.0,0.0,1912.0,8263.0,814.0,34.0,984.0,,1733.0,0.0,1145.0,393.0,341.0,281.0,88.0,280.0,1625.0,0.0,708.0,0.0,391.0,,3388.0,,385.0,5792.0,756.0,80.0,68.0,1058.0,0.0,,511.0,5171.0,655.0,411.0,616.0,1611.0,49.0
2015-5,0.0,0.0,291.0,3973.0,268.0,76.0,679.0,,201.0,0.0,821.0,216.0,101.0,305.0,531.0,534.0,126.0,382.0,566.0,212.0,100.0,,976.0,,0.0,2932.0,558.0,496.0,0.0,661.0,0.0,,948.0,3333.0,10.0,227.0,90.0,1021.0,1027.0
2015-6,0.0,191.0,60.0,4126.0,59.0,32.0,328.0,,477.0,65.0,1454.0,176.0,231.0,713.0,149.0,459.0,151.0,0.0,156.0,187.0,149.0,,1167.0,,0.0,1216.0,699.0,653.0,0.0,1380.0,70.0,,472.0,2477.0,75.0,322.0,294.0,1942.0,2407.0
2015-7,0.0,721.0,282.0,8611.0,1084.0,210.0,1526.0,,741.0,115.0,582.0,376.0,203.0,609.0,0.0,102.0,57.0,670.0,288.0,0.0,304.0,95.0,1052.0,,356.0,2047.0,1094.0,0.0,960.0,468.0,0.0,,2252.0,5959.0,0.0,557.0,264.0,596.0,0.0
2015-8,0.0,118.0,1298.0,5205.0,581.0,553.0,1234.0,,506.0,0.0,2140.0,0.0,12.0,716.0,28.0,229.0,63.0,161.0,214.0,240.0,85.0,112.0,10609.0,,0.0,1235.0,1071.0,0.0,331.0,1626.0,0.0,,256.0,1731.0,540.0,1174.0,442.0,826.0,2706.0
2015-9,0.0,0.0,0.0,5048.0,668.0,59.0,819.0,,385.0,185.0,2192.0,989.0,351.0,388.0,473.0,719.0,803.0,104.0,92.0,652.0,430.0,89.0,489.0,,388.0,1550.0,309.0,685.0,416.0,1016.0,0.0,,215.0,1748.0,143.0,2294.0,1201.0,334.0,379.0
2015-10,0.0,493.0,1172.0,6010.0,0.0,674.0,676.0,,71.0,148.0,659.0,1451.0,116.0,1267.0,410.0,191.0,1028.0,244.0,332.0,196.0,665.0,117.0,501.0,,126.0,1802.0,1079.0,0.0,226.0,272.0,0.0,,957.0,2601.0,0.0,404.0,108.0,900.0,3593.0
2015-11,134.0,90.0,162.0,3136.0,1007.0,0.0,1394.0,,12.0,67.0,1884.0,137.0,0.0,642.0,380.0,228.0,32.0,902.0,797.0,0.0,343.0,3.0,1379.0,,0.0,860.0,382.0,150.0,140.0,2826.0,241.0,,40.0,1697.0,126.0,749.0,1034.0,470.0,40.0
2015-12,0.0,863.0,0.0,9285.0,0.0,316.0,453.0,,213.0,0.0,582.0,13.0,175.0,319.0,181.0,89.0,90.0,134.0,0.0,0.0,552.0,0.0,124.0,,723.0,1545.0,510.0,0.0,122.0,1884.0,0.0,,568.0,944.0,161.0,1755.0,442.0,296.0,235.0
2016-1,243.0,497.0,836.0,9631.0,802.0,711.0,1160.0,,143.0,89.0,1118.0,284.0,1129.0,599.0,806.0,574.0,675.0,287.0,1710.0,89.0,2774.0,95.0,125.0,519.0,629.0,2921.0,1500.0,211.0,153.0,2969.0,131.0,,1022.0,4331.0,67.0,1889.0,181.0,986.0,1570.0
2016-2,0.0,0.0,162.0,5555.0,977.0,10.0,1501.0,,296.0,0.0,1687.0,820.0,74.0,1093.0,549.0,138.0,438.0,255.0,521.0,350.0,1753.0,73.0,1006.0,44.0,183.0,1608.0,869.0,1109.0,401.0,994.0,60.0,,882.0,2329.0,34.0,536.0,646.0,205.0,213.0
2016-3,113.0,300.0,195.0,4712.0,433.0,143.0,898.0,,596.0,0.0,888.0,251.0,74.0,939.0,85.0,325.0,161.0,428.0,349.0,112.0,1259.0,130.0,0.0,160.0,200.0,3020.0,546.0,80.0,831.0,507.0,0.0,,129.0,3422.0,93.0,536.0,854.0,413.0,70.0
2016-4,0.0,270.0,560.0,4923.0,525.0,281.0,779.0,,291.0,76.0,450.0,166.0,291.0,1251.0,929.0,413.0,1563.0,641.0,652.0,0.0,1235.0,11.0,475.0,139.0,105.0,2886.0,1216.0,100.0,834.0,334.0,154.0,,1951.0,3801.0,0.0,221.0,554.0,860.0,8.0
2016-5,0.0,929.0,238.0,5208.0,720.0,402.0,860.0,,488.0,210.0,1236.0,659.0,302.0,386.0,314.0,1677.0,478.0,120.0,613.0,310.0,818.0,206.0,361.0,300.0,0.0,603.0,759.0,293.0,195.0,1217.0,207.0,,104.0,2776.0,423.0,366.0,1156.0,767.0,266.0
2016-6,0.0,401.0,507.0,7199.0,326.0,466.0,921.0,,189.0,121.0,657.0,270.0,0.0,632.0,198.0,276.0,160.0,62.0,170.0,0.0,852.0,0.0,748.0,11.0,343.0,2555.0,583.0,228.0,265.0,438.0,0.0,,579.0,2526.0,569.0,615.0,319.0,263.0,378.0
2016-7,0.0,14.0,0.0,3455.0,145.0,65.0,2063.0,,155.0,68.0,956.0,307.0,153.0,0.0,269.0,0.0,1126.0,0.0,69.0,446.0,544.0,0.0,985.0,245.0,128.0,1354.0,695.0,497.0,219.0,796.0,0.0,,638.0,1228.0,413.0,233.0,537.0,241.0,0.0
2016-8,0.0,406.0,344.0,5057.0,467.0,626.0,392.0,,432.0,172.0,744.0,708.0,196.0,0.0,402.0,350.0,106.0,299.0,266.0,35.0,747.0,0.0,3275.0,388.0,172.0,1379.0,555.0,0.0,661.0,765.0,0.0,,351.0,1289.0,85.0,342.0,180.0,717.0,140.0
2016-9,0.0,0.0,68.0,4430.0,0.0,0.0,606.0,,280.0,0.0,1090.0,508.0,158.0,462.0,54.0,333.0,79.0,504.0,195.0,0.0,208.0,10.0,780.0,461.0,0.0,945.0,504.0,0.0,0.0,810.0,0.0,,518.0,991.0,230.0,658.0,188.0,650.0,0.0
2016-10,0.0,0.0,569.0,5001.0,53.0,163.0,327.0,,510.0,285.0,812.0,904.0,0.0,0.0,436.0,130.0,185.0,0.0,180.0,20.0,1201.0,345.0,318.0,0.0,377.0,1375.0,1154.0,142.0,218.0,205.0,0.0,,2013.0,1983.0,0.0,117.0,996.0,371.0,81.0
2016-11,0.0,264.0,279.0,6952.0,0.0,721.0,521.0,,168.0,0.0,564.0,174.0,82.0,446.0,490.0,261.0,611.0,0.0,105.0,200.0,224.0,5.0,738.0,0.0,1489.0,668.0,2748.0,132.0,104.0,652.0,0.0,,49.0,1689.0,30.0,253.0,189.0,1517.0,2.0
2016-12,0.0,128.0,107.0,2462.0,54.0,822.0,1279.0,,851.0,0.0,550.0,591.0,0.0,648.0,315.0,935.0,1371.0,0.0,10.0,0.0,382.0,0.0,4.0,0.0,587.0,1488.0,697.0,662.0,186.0,827.0,0.0,,113.0,805.0,106.0,1763.0,978.0,158.0,65.0
2017-1,0.0,332.0,154.0,7267.0,344.0,3.0,1817.0,,162.0,0.0,429.0,936.0,0.0,89.0,116.0,226.0,1162.0,107.0,175.0,0.0,533.0,0.0,839.0,412.0,64.0,2198.0,738.0,413.0,272.0,363.0,0.0,,591.0,2408.0,96.0,247.0,446.0,174.0,112.0
2017-2,0.0,0.0,220.0,3530.0,593.0,92.0,432.0,,93.0,0.0,982.0,1515.0,32.0,132.0,61.0,299.0,860.0,266.0,684.0,111.0,730.0,491.0,581.0,250.0,67.0,1329.0,5057.0,65.0,471.0,980.0,0.0,,878.0,930.0,77.0,375.0,327.0,154.0,0.0
2017-3,0.0,0.0,53.0,5415.0,430.0,107.0,2626.0,,262.0,6.0,2475.0,620.0,139.0,0.0,0.0,407.0,1992.0,246.0,179.0,273.0,442.0,0.0,1214.0,0.0,124.0,2628.0,498.0,30.0,62.0,974.0,0.0,,867.0,2373.0,410.0,608.0,1496.0,377.0,117.0
2017-4,149.0,143.0,135.0,3805.0,0.0,150.0,824.0,,585.0,87.0,1259.0,938.0,0.0,519.0,200.0,0.0,373.0,363.0,8.0,9.0,1197.0,0.0,603.0,0.0,327.0,1412.0,670.0,338.0,307.0,659.0,0.0,,286.0,1041.0,69.0,602.0,127.0,853.0,0.0
2017-5,147.0,0.0,180.0,4493.0,421.0,351.0,1329.0,,145.0,0.0,2126.0,2601.0,151.0,365.0,434.0,370.0,521.0,545.0,375.0,0.0,1549.0,0.0,373.0,0.0,324.0,1859.0,1100.0,0.0,461.0,1607.0,0.0,,780.0,2230.0,247.0,1744.0,976.0,321.0,0.0
2017-6,0.0,158.0,78.0,5114.0,380.0,54.0,824.0,,143.0,0.0,525.0,311.0,1123.0,54.0,379.0,263.0,336.0,42.0,150.0,230.0,426.0,0.0,1084.0,0.0,76.0,2567.0,345.0,226.0,599.0,704.0,0.0,,742.0,896.0,0.0,405.0,680.0,500.0,0.0
2017-7,0.0,832.0,0.0,3386.0,328.0,110.0,756.0,,289.0,0.0,1482.0,1048.0,0.0,252.0,247.0,317.0,382.0,0.0,256.0,0.0,833.0,0.0,126.0,204.0,87.0,1051.0,1030.0,0.0,259.0,213.0,0.0,,245.0,2441.0,250.0,389.0,398.0,592.0,117.0
2017-8,0.0,96.0,50.0,5530.0,42.0,197.0,754.0,,182.0,45.0,1216.0,224.0,60.0,217.0,0.0,346.0,577.0,142.0,308.0,414.0,707.0,173.0,1688.0,0.0,1236.0,1134.0,185.0,0.0,926.0,807.0,0.0,,677.0,1333.0,0.0,336.0,146.0,2351.0,175.0
2017-9,0.0,56.0,0.0,3707.0,0.0,46.0,1257.0,,60.0,0.0,806.0,333.0,254.0,0.0,0.0,0.0,62.0,702.0,97.0,25.0,0.0,0.0,642.0,0.0,70.0,3109.0,417.0,637.0,401.0,259.0,171.0,,1096.0,2209.0,35.0,343.0,105.0,297.0,308.0
2017-10,0.0,0.0,256.0,6003.0,831.0,168.0,2252.0,,645.0,320.0,426.0,327.0,236.0,120.0,69.0,0.0,183.0,504.0,1361.0,137.0,285.0,223.0,522.0,76.0,87.0,1457.0,326.0,0.0,277.0,1051.0,0.0,,560.0,973.0,0.0,389.0,195.0,592.0,0.0
2017-11,217.0,499.0,401.0,6392.0,211.0,182.0,559.0,,236.0,0.0,1364.0,400.0,233.0,88.0,0.0,327.0,415.0,180.0,305.0,0.0,438.0,0.0,396.0,0.0,211.0,1501.0,310.0,220.0,340.0,699.0,477.0,,249.0,3258.0,123.0,401.0,290.0,223.0,75.0
2017-12,0.0,0.0,0.0,1878.0,130.0,285.0,516.0,,89.0,0.0,599.0,268.0,78.0,645.0,275.0,0.0,61.0,331.0,283.0,0.0,140.0,0.0,243.0,0.0,0.0,1641.0,538.0,0.0,322.0,509.0,0.0,,271.0,1634.0,195.0,341.0,0.0,41.0,0.0
2018-1,853.0,330.0,644.0,8582.0,657.0,356.0,1679.0,,652.0,135.0,2142.0,1241.0,165.0,328.0,355.0,305.0,586.0,595.0,1182.0,461.0,1360.0,0.0,1482.0,294.0,517.0,2561.0,2811.0,464.0,530.0,2107.0,0.0,,857.0,1609.0,408.0,1074.0,738.0,771.0,235.0
2018-2,0.0,1131.0,92.0,5504.0,609.0,0.0,1112.0,,956.0,0.0,1016.0,1385.0,0.0,684.0,184.0,60.0,456.0,278.0,417.0,165.0,123.0,0.0,443.0,151.0,343.0,985.0,1753.0,0.0,191.0,795.0,0.0,,469.0,2508.0,77.0,228.0,416.0,402.0,77.0
2018-3,0.0,340.0,417.0,4252.0,343.0,0.0,1867.0,,2.0,136.0,519.0,0.0,474.0,0.0,169.0,614.0,478.0,366.0,230.0,158.0,2118.0,0.0,2340.0,0.0,462.0,2244.0,431.0,0.0,430.0,1053.0,0.0,,0.0,469.0,0.0,4478.0,334.0,1169.0,0.0
2018-4,0.0,214.0,625.0,5236.0,4.0,685.0,111.0,,1113.0,0.0,2834.0,218.0,160.0,0.0,0.0,60.0,1644.0,2168.0,663.0,295.0,388.0,0.0,901.0,396.0,62.0,3855.0,2769.0,0.0,0.0,1399.0,0.0,,431.0,2697.0,308.0,69.0,345.0,2541.0,0.0
2018-5,0.0,280.0,406.0,6038.0,113.0,166.0,2077.0,,335.0,103.0,946.0,549.0,153.0,255.0,398.0,328.0,392.0,533.0,747.0,289.0,1089.0,0.0,417.0,0.0,1938.0,2436.0,350.0,0.0,90.0,1129.0,0.0,,745.0,3405.0,0.0,180.0,218.0,889.0,145.0
2018-6,101.0,445.0,508.0,5516.0,399.0,159.0,1499.0,,235.0,0.0,794.0,249.0,0.0,113.0,677.0,412.0,892.0,395.0,726.0,107.0,2254.0,0.0,973.0,0.0,470.0,2373.0,1945.0,49.0,450.0,499.0,213.0,,622.0,715.0,155.0,1035.0,304.0,731.0,0.0
2018-7,74.0,268.0,102.0,5534.0,39.0,245.0,2240.0,,108.0,707.0,885.0,457.0,88.0,1176.0,0.0,291.0,121.0,119.0,120.0,186.0,565.0,0.0,953.0,0.0,0.0,1558.0,389.0,380.0,0.0,678.0,0.0,,129.0,2886.0,188.0,757.0,168.0,280.0,481.0
2018-8,0.0,258.0,0.0,4522.0,1086.0,145.0,1826.0,,66.0,0.0,1127.0,434.0,74.0,118.0,239.0,525.0,393.0,147.0,0.0,172.0,984.0,0.0,238.0,0.0,0.0,2431.0,659.0,0.0,0.0,679.0,0.0,,85.0,1187.0,58.0,356.0,0.0,413.0,417.0
2018-9,0.0,108.0,400.0,3102.0,158.0,95.0,1436.0,,258.0,175.0,769.0,761.0,0.0,199.0,0.0,122.0,435.0,64.0,1438.0,0.0,834.0,0.0,1174.0,0.0,372.0,1868.0,149.0,0.0,52.0,898.0,83.0,,429.0,943.0,390.0,170.0,322.0,85.0,227.0
2018-10,0.0,435.0,185.0,8490.0,203.0,174.0,1178.0,,331.0,0.0,1728.0,438.0,735.0,805.0,128.0,300.0,138.0,386.0,94.0,428.0,429.0,67.0,695.0,381.0,14.0,2774.0,447.0,183.0,276.0,115.0,361.0,,308.0,1197.0,905.0,955.0,292.0,765.0,72.0
2018-11,0.0,0.0,359.0,7916.0,651.0,163.0,1348.0,,470.0,0.0,1044.0,262.0,195.0,95.0,0.0,441.0,658.0,394.0,177.0,926.0,1400.0,0.0,558.0,0.0,273.0,1490.0,554.0,0.0,163.0,496.0,143.0,,219.0,1686.0,0.0,407.0,67.0,333.0,75.0
2018-12,0.0,0.0,67.0,5633.0,0.0,60.0,1510.0,,56.0,0.0,822.0,202.0,0.0,274.0,0.0,147.0,984.0,0.0,369.0,200.0,315.0,98.0,563.0,0.0,0.0,1446.0,2018.0,0.0,98.0,271.0,0.0,,430.0,869.0,0.0,0.0,261.0,33.0,0.0
2019-1,0.0,289.0,447.0,10635.0,940.0,204.0,1833.0,238.0,251.0,0.0,1223.0,50.0,273.0,253.0,921.0,353.0,1927.0,345.0,610.0,381.0,440.0,0.0,1118.0,0.0,1581.0,3015.0,1763.0,147.0,75.0,1324.0,121.0,,1017.0,1430.0,0.0,748.0,60.0,884.0,0.0
2019-2,0.0,0.0,573.0,4232.0,491.0,125.0,402.0,67.0,375.0,111.0,715.0,504.0,287.0,467.0,291.0,137.0,2077.0,262.0,83.0,115.0,505.0,0.0,1999.0,242.0,199.0,1248.0,1158.0,150.0,138.0,872.0,1.0,,918.0,1332.0,0.0,310.0,2714.0,1082.0,320.0
2019-3,0.0,333.0,616.0,6296.0,966.0,0.0,1099.0,164.0,478.0,0.0,1605.0,469.0,343.0,396.0,323.0,1730.0,1523.0,520.0,277.0,99.0,1001.0,0.0,129.0,257.0,141.0,1714.0,2494.0,52.0,0.0,198.0,0.0,,702.0,2359.0,77.0,793.0,500.0,2632.0,0.0
2019-4,0.0,359.0,1064.0,7348.0,292.0,93.0,1070.0,52.0,45.0,0.0,1931.0,0.0,0.0,230.0,207.0,675.0,84.0,210.0,5.0,472.0,1322.0,0.0,344.0,585.0,206.0,2841.0,357.0,336.0,210.0,585.0,0.0,,1053.0,1928.0,0.0,955.0,128.0,1065.0,888.0
2019-5,0.0,98.0,167.0,5279.0,75.0,259.0,1300.0,10.0,789.0,0.0,495.0,1073.0,0.0,1224.0,761.0,242.0,617.0,333.0,388.0,0.0,247.0,0.0,579.0,189.0,110.0,892.0,800.0,31.0,390.0,2388.0,0.0,,961.0,564.0,0.0,366.0,1410.0,287.0,140.0
2019-6,173.0,95.0,546.0,4958.0,0.0,226.0,807.0,33.0,1068.0,0.0,723.0,206.0,0.0,282.0,0.0,278.0,782.0,130.0,92.0,0.0,756.0,0.0,326.0,0.0,0.0,1710.0,290.0,149.0,303.0,4102.0,0.0,,266.0,468.0,139.0,981.0,1088.0,247.0,48.0
2019-7,0.0,346.0,226.0,5664.0,691.0,217.0,1164.0,4.0,190.0,0.0,459.0,443.0,158.0,432.0,54.0,995.0,267.0,0.0,191.0,578.0,516.0,0.0,1208.0,177.0,288.0,1204.0,916.0,445.0,72.0,2141.0,0.0,,891.0,716.0,67.0,355.0,421.0,630.0,0.0
2019-8,0.0,72.0,373.0,12811.0,267.0,0.0,565.0,0.0,55.0,62.0,3795.0,636.0,169.0,680.0,487.0,0.0,206.0,1049.0,0.0,363.0,833.0,0.0,1341.0,115.0,0.0,1316.0,1316.0,117.0,692.0,799.0,0.0,,144.0,1096.0,52.0,61.0,1058.0,382.0,784.0
2019-9,0.0,196.0,0.0,7686.0,271.0,358.0,1321.0,30.0,238.0,58.0,340.0,733.0,432.0,501.0,376.0,250.0,694.0,548.0,152.0,159.0,939.0,0.0,98.0,409.0,74.0,1573.0,533.0,95.0,273.0,784.0,0.0,,1043.0,1027.0,0.0,980.0,926.0,243.0,8.0
2019-10,0.0,234.0,1528.0,8687.0,978.0,97.0,563.0,791.0,376.0,218.0,1440.0,108.0,186.0,383.0,53.0,34.0,344.0,166.0,780.0,220.0,1501.0,0.0,1566.0,170.0,750.0,4583.0,474.0,250.0,330.0,1230.0,0.0,,534.0,1719.0,0.0,1248.0,649.0,313.0,499.0
2019-11,0.0,0.0,267.0,6688.0,229.0,72.0,1227.0,58.0,416.0,0.0,1079.0,470.0,10.0,720.0,28.0,168.0,80.0,74.0,204.0,238.0,238.0,95.0,2872.0,0.0,1665.0,2360.0,479.0,50.0,1048.0,306.0,0.0,,594.0,1575.0,73.0,1367.0,391.0,577.0,6.0
2019-12,792.0,0.0,1074.0,2053.0,169.0,0.0,1672.0,471.0,248.0,0.0,1457.0,0.0,99.0,715.0,101.0,1053.0,2351.0,527.0,248.0,0.0,12.0,0.0,550.0,0.0,316.0,1607.0,59.0,900.0,0.0,302.0,0.0,,159.0,516.0,17.0,359.0,696.0,216.0,210.0
2020-1,0.0,382.0,1316.0,8497.0,1044.0,316.0,1298.0,728.0,188.0,89.0,2576.0,726.0,3405.0,2345.0,0.0,2211.0,794.0,209.0,168.0,120.0,1068.0,57.0,933.0,355.0,0.0,4070.0,830.0,242.0,724.0,1028.0,0.0,,410.0,2438.0,0.0,1205.0,789.0,597.0,118.0
2020-2,0.0,680.0,310.0,7197.0,246.0,174.0,1886.0,836.0,479.0,93.0,1559.0,1046.0,453.0,321.0,2300.0,198.0,910.0,217.0,125.0,513.0,1018.0,0.0,1201.0,0.0,96.0,3243.0,1553.0,147.0,1732.0,1053.0,0.0,,1591.0,2025.0,609.0,410.0,1321.0,486.0,528.0
2020-3,674.0,0.0,9077.0,305606.0,7563.0,2596.0,13060.0,8005.0,368.0,160.0,13010.0,6011.0,553.0,889.0,830.0,1310.0,12306.0,3348.0,4292.0,1447.0,7658.0,729.0,26960.0,135.0,14477.0,72207.0,14811.0,1074.0,3741.0,9558.0,514.0,,3822.0,35262.0,241.0,5429.0,4895.0,7599.0,240.0
2020-4,916.0,693.0,8073.0,287772.0,6001.0,2506.0,37805.0,4883.0,396.0,1381.0,8604.0,13231.0,1620.0,8396.0,2948.0,7909.0,13891.0,4254.0,9496.0,2038.0,8696.0,314.0,5736.0,1397.0,45396.0,47317.0,15954.0,2723.0,5333.0,20592.0,162.0,,11697.0,23838.0,2422.0,6742.0,11961.0,11460.0,3742.0
2020-5,453.0,1321.0,2165.0,87720.0,3055.0,928.0,19305.0,2402.0,1053.0,34.0,7170.0,5769.0,2285.0,727.0,2656.0,5877.0,5463.0,1571.0,5003.0,5474.0,1794.0,260.0,3984.0,461.0,65814.0,15138.0,4149.0,1824.0,763.0,7091.0,231.0,,6817.0,4815.0,759.0,3022.0,3393.0,916.0,1389.0
2020-6,0.0,184.0,6852.0,34287.0,5414.0,1389.0,28424.0,5500.0,775.0,4.0,15128.0,1259.0,1280.0,568.0,4536.0,5623.0,5256.0,1048.0,4709.0,1475.0,1651.0,0.0,1289.0,178.0,8258.0,37285.0,4495.0,521.0,2705.0,5072.0,322.0,,5767.0,4820.0,268.0,3033.0,12562.0,2923.0,1694.0
2020-7,395.0,640.0,1880.0,59055.0,5105.0,1348.0,18627.0,6635.0,525.0,20.0,17380.0,2214.0,2270.0,1135.0,2536.0,1163.0,6397.0,877.0,4891.0,285.0,3457.0,,8363.0,390.0,4743.0,24658.0,6390.0,1916.0,2123.0,3981.0,127.0,,2022.0,4513.0,371.0,4157.0,5042.0,4443.0,0.0
2020-8,142.0,627.0,84.0,19473.0,1150.0,122.0,14599.0,1416.0,435.0,223.0,1980.0,348.0,466.0,29.0,1703.0,567.0,897.0,712.0,1755.0,676.0,3384.0,,2753.0,426.0,2802.0,8638.0,2573.0,632.0,101.0,8685.0,1830.0,,1850.0,2951.0,421.0,259.0,2783.0,940.0,23.0
2020-9,1234.0,637.0,233.0,19563.0,1819.0,429.0,22612.0,4035.0,655.0,75.0,4025.0,957.0,0.0,1572.0,2114.0,2158.0,1566.0,337.0,517.0,214.0,1282.0,,2449.0,135.0,2353.0,9339.0,2352.0,75.0,1193.0,1988.0,0.0,,214.0,1812.0,213.0,2542.0,1965.0,648.0,259.0
2020-10,0.0,198.0,525.0,10585.0,1027.0,681.0,15829.0,193.0,107.0,0.0,3355.0,1335.0,122.0,101.0,202.0,936.0,401.0,528.0,763.0,20.0,169.0,,17042.0,0.0,1473.0,8163.0,771.0,284.0,59.0,4561.0,13.0,,1606.0,3217.0,124.0,935.0,1136.0,528.0,0.0
2020-11,0.0,62.0,427.0,12354.0,838.0,3.0,3227.0,214.0,106.0,79.0,1328.0,598.0,0.0,0.0,431.0,1803.0,3032.0,106.0,566.0,0.0,302.0,,2676.0,0.0,318.0,3949.0,924.0,0.0,840.0,1239.0,0.0,,853.0,1180.0,75.0,1577.0,429.0,349.0,0.0
2020-12,0.0,55.0,8.0,19997.0,826.0,0.0,1750.0,627.0,65.0,0.0,1036.0,601.0,0.0,104.0,1088.0,2111.0,1399.0,0.0,463.0,83.0,635.0,,195.0,83.0,158.0,1497.0,404.0,104.0,152.0,1150.0,0.0,,39.0,4097.0,0.0,308.0,316.0,50.0,0.0
2021-1,0.0,345.0,0.0,11515.0,1176.0,67.0,1173.0,989.0,169.0,370.0,1083.0,155.0,162.0,102.0,0.0,970.0,100.0,122.0,97.0,848.0,856.0,,4171.0,0.0,304.0,736.0,285.0,0.0,427.0,582.0,0.0,,423.0,1130.0,266.0,910.0,340.0,603.0,0.0
2021-2,0.0,0.0,92.0,3894.0,613.0,561.0,1787.0,86.0,205.0,0.0,566.0,167.0,219.0,366.0,0.0,9.0,396.0,0.0,1357.0,0.0,239.0,,573.0,269.0,0.0,806.0,222.0,0.0,91.0,1825.0,0.0,,0.0,3773.0,65.0,398.0,574.0,128.0,0.0
2021-3,0.0,0.0,95.0,4015.0,954.0,77.0,551.0,267.0,20.0,0.0,1859.0,226.0,146.0,263.0,222.0,57.0,230.0,92.0,600.0,242.0,184.0,,855.0,0.0,0.0,940.0,371.0,231.0,0.0,1227.0,0.0,,299.0,1112.0,107.0,290.0,113.0,173.0,0.0
2021-4,244.0,0.0,0.0,4122.0,258.0,59.0,2023.0,0.0,47.0,302.0,776.0,260.0,206.0,123.0,0.0,441.0,84.0,208.0,751.0,0.0,539.0,,290.0,0.0,54.0,1519.0,162.0,564.0,330.0,679.0,0.0,,136.0,1646.0,73.0,668.0,1326.0,123.0,0.0
2021-5,0.0,0.0,727.0,2124.0,520.0,0.0,688.0,0.0,40.0,0.0,540.0,200.0,70.0,197.0,0.0,268.0,0.0,0.0,130.0,337.0,126.0,,365.0,0.0,99.0,336.0,245.0,164.0,0.0,154.0,587.0,,139.0,1167.0,0.0,250.0,208.0,121.0,1246.0
2021-6,0.0,109.0,251.0,2003.0,393.0,174.0,664.0,258.0,96.0,0.0,616.0,259.0,162.0,54.0,108.0,0.0,253.0,0.0,786.0,0.0,0.0,,1037.0,94.0,0.0,1786.0,75.0,125.0,0.0,399.0,0.0,,90.0,347.0,95.0,598.0,117.0,744.0,180.0
2021-7,134.0,365.0,0.0,2875.0,623.0,971.0,375.0,264.0,126.0,86.0,1185.0,0.0,0.0,659.0,0.0,0.0,131.0,0.0,277.0,0.0,283.0,,953.0,0.0,95.0,198.0,123.0,0.0,975.0,375.0,0.0,,156.0,1045.0,92.0,375.0,218.0,94.0,0.0
2021-8,0.0,0.0,282.0,4315.0,12.0,0.0,1218.0,230.0,82.0,0.0,626.0,196.0,0.0,0.0,66.0,184.0,74.0,330.0,0.0,0.0,232.0,,200.0,326.0,100.0,792.0,45.0,168.0,100.0,537.0,0.0,,572.0,1131.0,112.0,0.0,0.0,62.0,0.0
2021-9,40.0,0.0,153.0,3785.0,176.0,0.0,422.0,154.0,88.0,0.0,334.0,146.0,66.0,135.0,1008.0,134.0,0.0,100.0,330.0,4.0,55.0,,222.0,123.0,176.0,744.0,0.0,0.0,140.0,470.0,0.0,,83.0,473.0,521.0,0.0,0.0,189.0,0.0
2021-10,0.0,0.0,0.0,3285.0,12.0,209.0,1256.0,1015.0,829.0,0.0,208.0,268.0,22.0,178.0,114.0,30.0,223.0,60.0,64.0,0.0,539.0,,360.0,62.0,0.0,155.0,425.0,139.0,266.0,0.0,0.0,,151.0,294.0,0.0,363.0,115.0,61.0,0.0
2021-11,0.0,0.0,528.0,3754.0,198.0,65.0,1366.0,0.0,0.0,0.0,606.0,63.0,0.0,194.0,471.0,198.0,0.0,0.0,25.0,16.0,158.0,,103.0,0.0,176.0,558.0,191.0,0.0,0.0,1397.0,0.0,,0.0,435.0,0.0,0.0,118.0,108.0,1.0
2021-12,0.0,0.0,161.0,3320.0,221.0,0.0,847.0,0.0,0.0,0.0,164.0,381.0,0.0,0.0,0.0,298.0,108.0,0.0,0.0,50.0,2292.0,,249.0,0.0,197.0,223.0,183.0,0.0,0.0,1202.0,0.0,,756.0,860.0,0.0,0.0,4.0,60.0,75.0
2022-1,0.0,133.0,0.0,3918.0,179.0,26.0,1197.0,279.0,53.0,0.0,186.0,134.0,0.0,820.0,0.0,230.0,409.0,13.0,381.0,288.0,111.0,,573.0,0.0,176.0,1090.0,812.0,106.0,309.0,474.0,0.0,,0.0,526.0,53.0,184.0,205.0,506.0,0.0
2022-2,0.0,160.0,163.0,1117.0,40.0,1.0,666.0,0.0,209.0,1.0,94.0,63.0,65.0,0.0,0.0,1520.0,56.0,0.0,0.0,0.0,251.0,,69.0,10.0,195.0,500.0,50.0,0.0,54.0,604.0,198.0,,65.0,84.0,0.0,81.0,59.0,241.0,0.0
2022-3,0.0,0.0,0.0,2716.0,44.0,0.0,208.0,95.0,182.0,271.0,433.0,481.0,0.0,521.0,91.0,333.0,366.0,178.0,0.0,0.0,329.0,,667.0,0.0,141.0,2045.0,1428.0,47.0,143.0,586.0,0.0,,79.0,593.0,121.0,269.0,300.0,550.0,320.0
2022-4,0.0,219.0,0.0,2955.0,9.0,100.0,1791.0,63.0,513.0,0.0,816.0,1359.0,0.0,150.0,131.0,136.0,545.0,79.0,181.0,0.0,314.0,,0.0,128.0,301.0,667.0,1574.0,238.0,0.0,0.0,0.0,,713.0,202.0,504.0,566.0,497.0,57.0,0.0
2022-5,,214.0,40.0,2677.0,753.0,111.0,597.0,1.0,660.0,0.0,1149.0,691.0,172.0,0.0,59.0,196.0,878.0,0.0,545.0,109.0,217.0,,475.0,13.0,135.0,696.0,318.0,220.0,71.0,1083.0,0.0,,0.0,81.0,0.0,23.0,183.0,505.0,0.0
2022-6,,113.0,315.0,3564.0,304.0,0.0,328.0,55.0,214.0,0.0,876.0,81.0,88.0,628.0,58.0,446.0,286.0,57.0,537.0,271.0,1089.0,,250.0,211.0,30.0,604.0,186.0,0.0,1560.0,98.0,0.0,,0.0,1061.0,0.0,270.0,207.0,244.0,0.0
2022-7,,0.0,246.0,5619.0,903.0,489.0,702.0,0.0,160.0,0.0,467.0,851.0,0.0,66.0,0.0,1081.0,207.0,0.0,0.0,235.0,296.0,,441.0,98.0,230.0,684.0,514.0,439.0,97.0,14.0,0.0,,0.0,970.0,0.0,0.0,83.0,653.0,0.0
2022-8,,0.0,319.0,5410.0,743.0,302.0,352.0,1227.0,177.0,0.0,317.0,71.0,0.0,269.0,100.0,853.0,387.0,104.0,66.0,586.0,371.0,,338.0,282.0,72.0,1379.0,425.0,,296.0,616.0,0.0,,531.0,984.0,115.0,95.0,45.0,405.0,0.0
2022-9,,0.0,326.0,5548.0,225.0,203.0,448.0,72.0,881.0,90.0,450.0,607.0,0.0,0.0,225.0,1196.0,368.0,104.0,0.0,6.0,759.0,,230.0,144.0,327.0,2938.0,1141.0,,106.0,423.0,78.0,,74.0,459.0,347.0,0.0,838.0,474.0,128.0
2022-10,,0.0,0.0,6176.0,41.0,0.0,2107.0,598.0,449.0,0.0,770.0,381.0,0.0,0.0,135.0,605.0,1614.0,0.0,0.0,600.0,229.0,,391.0,27.0,300.0,1029.0,481.0,,106.0,1912.0,0.0,,0.0,976.0,0.0,292.0,1829.0,248.0,57.0
2022-11,,0.0,0.0,10628.0,321.0,516.0,402.0,,215.0,0.0,548.0,12.0,0.0,112.0,89.0,304.0,755.0,233.0,0.0,1307.0,114.0,,490.0,0.0,86.0,2357.0,407.0,,0.0,750.0,0.0,,0.0,562.0,0.0,187.0,1065.0,274.0,0.0
2022-12,,99.0,527.0,6765.0,98.0,0.0,408.0,,263.0,1.0,865.0,634.0,534.0,0.0,0.0,525.0,157.0,121.0,320.0,,77.0,,159.0,0.0,131.0,2405.0,616.0,,0.0,429.0,0.0,,341.0,529.0,324.0,74.0,242.0,245.0,0.0
2023-1,,,586.0,11713.0,932.0,,879.0,,107.0,57.0,,265.0,,,0.0,,1117.0,,86.0,,302.0,,1864.0,3.0,,2492.0,739.0,,108.0,1749.0,,,0.0,3719.0,16.0,,3506.0,852.0,162.0
